{
	"name": "LS_ADLS_Parameterized",
	"type": "Microsoft.DataFactory/factories/linkedservices",
	"properties": {
		"type": "AzureDataLakeStore",
		"parameters": {
			"LS_ADLSStore": {
				"type": "String"
			},
			"LS_AzureTenant": {
				"type": "String"
			},
			"LS_AzureSubscriptionID": {
				"type": "String"
			},
			"LS_ResourceGroup": {
				"type": "String"
			}
		},
		"annotations": [],
		"typeProperties": {
			"dataLakeStoreUri": "@linkedService().LS_ADLSStore",
			"tenant": "@linkedService().LS_AzureTenant",
			"subscriptionId": "@linkedService().LS_AzureSubscriptionID",
			"resourceGroupName": "@linkedService().LS_ResourceGroup"
		}
	}
}