{
	"name": "LS_Oracle_On_Prem_Parameterized",
	"type": "Microsoft.DataFactory/factories/linkedservices",
	"properties": {
		"description": "Linked Service to connect to Oracle on On-Prem",
		"parameters": {
			"LS_ORAServerName": {
				"type": "string"
			},
			"LS_ORAPortNo": {
				"type": "string"
			},
			"LS_ORASID": {
				"type": "string"
			},
			"LS_ORAUserName": {
				"type": "string"
			},
			"LS_ORAUserSecretName": {
				"type": "string"
			},
			"LS_ORASchemaName": {
				"type": "string"
			}
		},
		"annotations": [],
		"type": "Oracle",
		"typeProperties": {
			"connectionString": "host=@{linkedService().LS_ORAServerName};port=@{linkedService().LS_ORAPortNo};sid=@{linkedService().LS_ORASID};user id=@{linkedService().LS_ORAUserName}",
			"password": {
				"type": "AzureKeyVaultSecret",
				"store": {
					"referenceName": "Default Key Vault Service",
					"type": "LinkedServiceReference"
				},
				"secretName": {
					"value": "@linkedService().LS_ORAUserSecretName",
					"type": "Expression"
				}
			}
		}
	}
}