{
	"name": "LS_SQLDB_CPData",
	"type": "Microsoft.DataFactory/factories/linkedservices",
	"properties": {
		"description": "Linked Service to connect to CPData SQL Server Database",
		"annotations": [],
		"type": "AzureSqlDatabase",
		"typeProperties": {
			"connectionString": "Integrated Security=False;Encrypt=True;Connection Timeout=30;Data Source=shell-01-eun-sq-vwvxqmqfsltvwsftjbzt.database.windows.net;Initial Catalog=shell-01-eun-sqdb-zjktctrunctxtrbovevz;User ID=CPData_Dev_ADF",
			"password": {
				"type": "AzureKeyVaultSecret",
				"store": {
					"referenceName": "Default Key Vault Service",
					"type": "LinkedServiceReference"
				},
				"secretName": "cpdata-sqldb-adf"
			}
		}
	}
}