{
	"name": "DS_ADLS_EXCEL_Dataset_Parameterized",
	"properties": {
		"linkedServiceName": {
			"referenceName": "LS_ADLS_Parameterized",
			"type": "LinkedServiceReference",
			"parameters": {
				"LS_ADLSStore": {
					"value": "@dataset().DS_ADLSStore",
					"type": "Expression"
				},
				"LS_AzureTenant": {
					"value": "@dataset().DS_AzureTenant",
					"type": "Expression"
				},
				"LS_AzureSubscriptionID": {
					"value": "@dataset().DS_AzureSubscriptionID",
					"type": "Expression"
				},
				"LS_ResourceGroup": {
					"value": "@dataset().DS_ResourceGroup",
					"type": "Expression"
				}
			}
		},
		"parameters": {
			"DS_ADLSStore": {
				"type": "string"
			},
			"DS_AzureTenant": {
				"type": "string"
			},
			"DS_AzureSubscriptionID": {
				"type": "string"
			},
			"DS_ResourceGroup": {
				"type": "string"
			},
			"DS_ADLS_Path": {
				"type": "string"
			},
			"DS_ADLS_ObjectName": {
				"type": "string"
			},
			"DS_ADLS_File_SheetName": {
				"type": "string"
			}
		},
		"folder": {
			"name": "Platform_DataSets"
		},
		"annotations": [],
		"type": "Excel",
		"typeProperties": {
			"sheetName": {
				"value": "@dataset().DS_ADLS_File_SheetName",
				"type": "Expression"
			},
			"location": {
				"type": "AzureDataLakeStoreLocation",
				"fileName": {
					"value": "@{dataset().DS_ADLS_ObjectName}",
					"type": "Expression"
				},
				"folderPath": {
					"value": "@{dataset().DS_ADLS_Path}",
					"type": "Expression"
				}
			},
			"firstRowAsHeader": true
		},
		"schema": []
	},
	"type": "Microsoft.DataFactory/factories/datasets"
}