{
	"name": "DS_ASDWH_Parameterised",
	"properties": {
		"linkedServiceName": {
			"referenceName": "LS_SQLDWH_CPData_Dev",
			"type": "LinkedServiceReference"
		},
		"parameters": {
			"schema_name": {
				"type": "string"
			},
			"table_name": {
				"type": "string"
			}
		},
		"folder": {
			"name": "Platform_DataSets"
		},
		"annotations": [],
		"type": "AzureSqlDWTable",
		"schema": [],
		"typeProperties": {
			"schema": {
				"value": "@dataset().schema_name",
				"type": "Expression"
			},
			"table": {
				"value": "@dataset().table_name",
				"type": "Expression"
			}
		}
	}
}