{
	"name": "DS_Oracle_On_Prem_Parameterized",
	"properties": {
		"description": "Dataset based out of Parameterized Linked Service",
		"linkedServiceName": {
			"referenceName": "LS_Oracle_On_Prem_Parameterized",
			"type": "LinkedServiceReference",
			"parameters": {
				"LS_ORAServerName": {
					"value": "@dataset().DS_ORAServerName",
					"type": "Expression"
				},
				"LS_ORAPortNo": {
					"value": "@dataset().DS_ORAPortNo",
					"type": "Expression"
				},
				"LS_ORASID": {
					"value": "@dataset().DS_ORASID",
					"type": "Expression"
				},
				"LS_ORAUserName": {
					"value": "@dataset().DS_ORAUserName",
					"type": "Expression"
				},
				"LS_ORAUserSecretName": {
					"value": "@dataset().DS_ORAUserSecretName",
					"type": "Expression"
				},
				"LS_ORASchemaName": {
					"value": "@dataset().DS_ORASchemaName",
					"type": "Expression"
				}
			}
		},
		"parameters": {
			"DS_ORAServerName": {
				"type": "string"
			},
			"DS_ORAPortNo": {
				"type": "string"
			},
			"DS_ORASID": {
				"type": "string"
			},
			"DS_ORAUserName": {
				"type": "string"
			},
			"DS_ORATableName": {
				"type": "string"
			},
			"DS_ORASchemaName": {
				"type": "string"
			},
			"DS_ORAHWMColumn": {
				"type": "string"
			},
			"DS_ORAUserSecretName": {
				"type": "string"
			}
		},
		"folder": {
			"name": "Platform_DataSets"
		},
		"annotations": [],
		"type": "OracleTable",
		"schema": [],
		"typeProperties": {
			"schema": {
				"value": "@dataset().DS_ORASchemaName",
				"type": "Expression"
			},
			"table": {
				"value": "@dataset().DS_ORATableName",
				"type": "Expression"
			}
		}
	},
	"type": "Microsoft.DataFactory/factories/datasets"
}