{
	"name": "DS_SQLDB_On_Prem_Parameterized",
	"properties": {
		"description": "Dataset for on-premise SQL Server",
		"linkedServiceName": {
			"referenceName": "LS_MSSQL_On_Prem_Parameterized",
			"type": "LinkedServiceReference",
			"parameters": {
				"LS_SQLServerName": {
					"value": "@dataset().DS_SQLServerName",
					"type": "Expression"
				},
				"LS_SQLDBName": {
					"value": "@dataset().DS_SQLDBName",
					"type": "Expression"
				},
				"LS_SQLUserName": {
					"value": "@dataset().DS_SQLUserName",
					"type": "Expression"
				},
				"LS_SQLUserSecretName": {
					"value": "@dataset().DS_SQLUserSecretName",
					"type": "Expression"
				},
				"LS_SQLPortNo": {
					"value": "@dataset().DS_SQLPortNo",
					"type": "Expression"
				}
			}
		},
		"parameters": {
			"DS_SQLServerName": {
				"type": "string"
			},
			"DS_SQLDBName": {
				"type": "string"
			},
			"DS_SQLPortNo": {
				"type": "string"
			},
			"DS_SQLUserName": {
				"type": "string"
			},
			"DS_SQLUserSecretName": {
				"type": "string"
			},
			"DS_SQLTableName": {
				"type": "string"
			},
			"DS_SQLHWMColumn": {
				"type": "string"
			},
			"DS_SQLSchemaName": {
				"type": "string"
			}
		},
		"folder": {
			"name": "Platform_DataSets"
		},
		"annotations": [],
		"type": "SqlServerTable",
		"schema": [],
		"typeProperties": {
			"schema": {
				"value": "@dataset().DS_SQLSchemaName",
				"type": "Expression"
			},
			"table": {
				"value": "@dataset().DS_SQLTableName",
				"type": "Expression"
			}
		}
	},
	"type": "Microsoft.DataFactory/factories/datasets"
}