{
	"name": "PL_LandingToDelta_Parameterized_CPData_Working",
	"properties": {
		"activities": [
			{
				"name": "Lookup - Processing Log - LAND to RAW",
				"type": "Lookup",
				"dependsOn": [
					{
						"activity": "META_CREATED_DTTM",
						"dependencyConditions": [
							"Succeeded"
						]
					}
				],
				"policy": {
					"timeout": "7.00:00:00",
					"retry": 0,
					"retryIntervalInSeconds": 30,
					"secureOutput": false,
					"secureInput": false
				},
				"userProperties": [],
				"typeProperties": {
					"source": {
						"type": "AzureSqlSource",
						"sqlReaderStoredProcedureName": "[cp_data].[usp_load_metadata_info]",
						"storedProcedureParameters": {
							"load_from_processing_log": {
								"type": "Int32",
								"value": "1"
							},
							"processing_log_source_layer_id": {
								"type": "Int32",
								"value": "2"
							},
							"processing_log_target_layer_id": {
								"type": "Int32",
								"value": "3"
							},
							"project_alias": {
								"type": "String",
								"value": {
									"value": "@pipeline().parameters.project_alias",
									"type": "Expression"
								}
							},
							"source_list": {
								"type": "String",
								"value": {
									"value": "@pipeline().parameters.source_list",
									"type": "Expression"
								}
							},
							"dataset_list": {
								"type": "String",
								"value": {
									"value": "@pipeline().parameters.dataset_list",
									"type": "Expression"
								}
							}
						},
						"queryTimeout": "02:00:00",
						"partitionOption": "None"
					},
					"dataset": {
						"referenceName": "DS_AzureSQL_CPData",
						"type": "DatasetReference"
					},
					"firstRowOnly": false
				}
			},
			{
				"name": "Execute Copy Data Pipeline - LAND- RAW",
				"type": "ForEach",
				"dependsOn": [
					{
						"activity": "Lookup - Processing Log - LAND to RAW",
						"dependencyConditions": [
							"Succeeded"
						]
					}
				],
				"userProperties": [],
				"typeProperties": {
					"items": {
						"value": "@activity('Lookup - Processing Log - LAND to RAW').output.value",
						"type": "Expression"
					},
					"batchCount": 5,
					"activities": [
						{
							"name": "CopyLandingToRaw",
							"type": "Copy",
							"dependsOn": [],
							"policy": {
								"timeout": "7.00:00:00",
								"retry": 0,
								"retryIntervalInSeconds": 30,
								"secureOutput": false,
								"secureInput": false
							},
							"userProperties": [],
							"typeProperties": {
								"source": {
									"type": "AvroSource",
									"storeSettings": {
										"type": "AzureDataLakeStoreReadSettings",
										"recursive": true
									}
								},
								"sink": {
									"type": "ParquetSink",
									"storeSettings": {
										"type": "AzureDataLakeStoreWriteSettings"
									},
									"formatSettings": {
										"type": "ParquetWriteSettings"
									}
								},
								"enableStaging": false,
								"translator": {
									"type": "TabularTranslator",
									"typeConversion": true,
									"typeConversionSettings": {
										"allowDataTruncation": true,
										"treatBooleanAsNumber": false
									}
								}
							},
							"inputs": [
								{
									"referenceName": "DS_ADLS_AVRO_Parameterized",
									"type": "DatasetReference",
									"parameters": {
										"DS_ADLSStore": {
											"value": "@item().config_adls_store",
											"type": "Expression"
										},
										"DS_ADLS_Path": {
											"value": "@concat('RAW/', replace(replace(item().config_adls_landing_path, '##config_environment##', toUpper(item().config_environment)), '##source_name##', toUpper(item().source_name)), '/', item().config_source_schema, '.', item().dataset)",
											"type": "Expression"
										},
										"DS_AzureTenant": {
											"value": "@item().config_az_tenant_id",
											"type": "Expression"
										},
										"DS_AzureSubscriptionID": {
											"value": "@item().config_az_subscription_id",
											"type": "Expression"
										},
										"DS_ResourceGroup": {
											"value": "@item().config_az_resource_group",
											"type": "Expression"
										},
										"DS_ADLS_ObjectName": {
											"value": "@item().source_dataset",
											"type": "Expression"
										}
									}
								}
							],
							"outputs": [
								{
									"referenceName": "DS_ADLS_PARQUET_Parameterized",
									"type": "DatasetReference",
									"parameters": {
										"DS_ADLSStore": {
											"value": "@item().config_adls_store",
											"type": "Expression"
										},
										"DS_AzureTenant": {
											"value": "@item().config_az_tenant_id",
											"type": "Expression"
										},
										"DS_AzureSubscriptionID": {
											"value": "@item().config_az_subscription_id",
											"type": "Expression"
										},
										"DS_ResourceGroup": {
											"value": "@item().config_az_resource_group",
											"type": "Expression"
										},
										"DS_ADLS_ObjectName": {
											"value": "@replace(item().source_dataset, 'avro', 'parquet')",
											"type": "Expression"
										},
										"DS_ADLS_Path": {
											"value": "@concat('PROJECT/', replace(replace(replace(item().config_adls_raw_path, '##config_environment##', toUpper(item().config_environment)), '##source_name##', toUpper(item().source_name)), '##config_data_classification##', toUpper(item().config_data_classification)), '/', item().config_source_schema, '.', item().dataset)",
											"type": "Expression"
										}
									}
								}
							]
						},
						{
							"name": "Log Processing LandingToRaw- Success",
							"type": "SqlServerStoredProcedure",
							"dependsOn": [
								{
									"activity": "CopyLandingToRaw",
									"dependencyConditions": [
										"Succeeded"
									]
								}
							],
							"policy": {
								"timeout": "7.00:00:00",
								"retry": 0,
								"retryIntervalInSeconds": 30,
								"secureOutput": false,
								"secureInput": false
							},
							"userProperties": [],
							"typeProperties": {
								"storedProcedureName": "[cp_data].[update_load_status]",
								"storedProcedureParameters": {
									"Batch_id": {
										"value": {
											"value": "@pipeline().RunId",
											"type": "Expression"
										},
										"type": "String"
									},
									"Databytes_read": {
										"value": {
											"value": "@activity('CopyLandingToRaw').output.dataRead",
											"type": "Expression"
										},
										"type": "Double"
									},
									"Load_end_date": {
										"value": {
											"value": "@formatDateTime(utcnow(),'yyyy-MM-dd HH:mm:ss')",
											"type": "Expression"
										},
										"type": "DateTime"
									},
									"Load_status": {
										"value": "Success",
										"type": "String"
									},
									"Load_status_id": {
										"value": {
											"value": "@item().load_status_id",
											"type": "Expression"
										},
										"type": "Int32"
									},
									"Modified_by": {
										"value": "ADF",
										"type": "String"
									},
									"Modified_date": {
										"value": {
											"value": "@pipeline().TriggerTime",
											"type": "Expression"
										},
										"type": "DateTime"
									},
									"Project_id": {
										"value": {
											"value": "@item().project_id",
											"type": "Expression"
										},
										"type": "Int32"
									},
									"Source_Dataset": {
										"value": {
											"value": "@item().source_dataset",
											"type": "Expression"
										},
										"type": "String"
									},
									"Source_layer_id": {
										"value": "2",
										"type": "Int32"
									},
									"Source_record_count": {
										"value": {
											"value": "@activity('CopyLandingToRaw').output.rowsRead",
											"type": "Expression"
										},
										"type": "Int32"
									},
									"Status_description": {
										"value": "Pipeline succeeded",
										"type": "String"
									},
									"Target_Dataset": {
										"value": {
											"value": "@replace(item().source_dataset, 'avro', 'parquet')",
											"type": "Expression"
										},
										"type": "String"
									},
									"Target_layer_id": {
										"value": "3",
										"type": "Int32"
									},
									"Target_record_count": {
										"value": {
											"value": "@activity('CopyLandingToRaw').output.rowsCopied",
											"type": "Expression"
										},
										"type": "Int32"
									},
									"Source_id": {
										"value": {
											"value": "@item().source_id",
											"type": "Expression"
										},
										"type": "Int32"
									}
								}
							},
							"linkedServiceName": {
								"referenceName": "LS_SQLDB_CPData",
								"type": "LinkedServiceReference"
							}
						},
						{
							"name": "Log Processing LandingToRaw- Failed",
							"type": "SqlServerStoredProcedure",
							"dependsOn": [
								{
									"activity": "CopyLandingToRaw",
									"dependencyConditions": [
										"Failed"
									]
								}
							],
							"policy": {
								"timeout": "7.00:00:00",
								"retry": 0,
								"retryIntervalInSeconds": 30,
								"secureOutput": false,
								"secureInput": false
							},
							"userProperties": [],
							"typeProperties": {
								"storedProcedureName": "[cp_data].[update_load_status]",
								"storedProcedureParameters": {
									"Batch_id": {
										"value": {
											"value": "@pipeline().RunId",
											"type": "Expression"
										},
										"type": "String"
									},
									"Databytes_read": {
										"value": "0",
										"type": "Double"
									},
									"Load_end_date": {
										"value": {
											"value": "@formatDateTime(utcnow(),'yyyy-MM-dd HH:mm:ss')",
											"type": "Expression"
										},
										"type": "DateTime"
									},
									"Load_status": {
										"value": "Failed",
										"type": "String"
									},
									"Load_status_id": {
										"value": {
											"value": "@item().load_status_id",
											"type": "Expression"
										},
										"type": "Int32"
									},
									"Modified_by": {
										"value": "ADF",
										"type": "String"
									},
									"Modified_date": {
										"value": {
											"value": "@pipeline().TriggerTime",
											"type": "Expression"
										},
										"type": "DateTime"
									},
									"Project_id": {
										"value": {
											"value": "@item().project_id",
											"type": "Expression"
										},
										"type": "Int32"
									},
									"Source_Dataset": {
										"value": {
											"value": "@item().source_dataset",
											"type": "Expression"
										},
										"type": "String"
									},
									"Source_layer_id": {
										"value": "2",
										"type": "Int32"
									},
									"Source_record_count": {
										"value": "0",
										"type": "Int32"
									},
									"Status_description": {
										"value": {
											"value": "@string(activity('CopyLandingToRaw').output.errors)",
											"type": "Expression"
										},
										"type": "String"
									},
									"Target_Dataset": {
										"value": {
											"value": "@replace(item().source_dataset, 'avro', 'parquet')",
											"type": "Expression"
										},
										"type": "String"
									},
									"Target_layer_id": {
										"value": "3",
										"type": "Int32"
									},
									"Target_record_count": {
										"value": "0",
										"type": "Int32"
									},
									"Source_id": {
										"value": {
											"value": "@item().source_id",
											"type": "Expression"
										},
										"type": "Int32"
									}
								}
							},
							"linkedServiceName": {
								"referenceName": "LS_SQLDB_CPData",
								"type": "LinkedServiceReference"
							}
						},
						{
							"name": "Insert Log Processing - RAW to Delta",
							"type": "SqlServerStoredProcedure",
							"dependsOn": [
								{
									"activity": "Log Processing LandingToRaw- Success",
									"dependencyConditions": [
										"Succeeded"
									]
								}
							],
							"policy": {
								"timeout": "7.00:00:00",
								"retry": 0,
								"retryIntervalInSeconds": 30,
								"secureOutput": false,
								"secureInput": false
							},
							"userProperties": [],
							"typeProperties": {
								"storedProcedureName": "[cp_data].[insert_load_status]",
								"storedProcedureParameters": {
									"Batch_id": {
										"value": {
											"value": "@pipeline().RunId",
											"type": "Expression"
										},
										"type": "String"
									},
									"Created_by": {
										"value": "ADF",
										"type": "String"
									},
									"Created_date": {
										"value": {
											"value": "@pipeline().TriggerTime",
											"type": "Expression"
										},
										"type": "DateTime"
									},
									"Load_start_time": {
										"value": {
											"value": "@pipeline().TriggerTime",
											"type": "Expression"
										},
										"type": "DateTime"
									},
									"Load_status": {
										"value": "New",
										"type": "String"
									},
									"Project_id": {
										"value": {
											"value": "@item().project_id",
											"type": "Expression"
										},
										"type": "Int32"
									},
									"Source_Dataset": {
										"value": {
											"value": "@replace(item().source_dataset, 'avro', 'parquet')",
											"type": "Expression"
										},
										"type": "String"
									},
									"Source_layer_id": {
										"value": "3",
										"type": "Int32"
									},
									"Target_layer_id": {
										"value": "4",
										"type": "Int32"
									},
									"Dataset": {
										"value": {
											"value": "@item().dataset",
											"type": "Expression"
										},
										"type": "String"
									},
									"Source_id": {
										"value": {
											"value": "@item().source_id",
											"type": "Expression"
										},
										"type": "Int32"
									}
								}
							},
							"linkedServiceName": {
								"referenceName": "LS_SQLDB_CPData",
								"type": "LinkedServiceReference"
							}
						}
					]
				}
			},
			{
				"name": "META_CREATED_DTTM",
				"type": "SetVariable",
				"dependsOn": [],
				"userProperties": [],
				"typeProperties": {
					"variableName": "META_CREATED_DTTM",
					"value": {
						"value": "@if( or(equals(pipeline().parameters.meta_created_dttm, coalesce(null, null, null)), equals(trim(pipeline().parameters.meta_created_dttm), '') ), formatDateTime(utcnow(),'yyyy-MM-dd HH:mm:ss'), pipeline().parameters.meta_created_dttm)",
						"type": "Expression"
					}
				}
			},
			{
				"name": "Lookup - Processing Log - RAW to ENRICHED UNHARMONISED",
				"type": "Lookup",
				"dependsOn": [
					{
						"activity": "Execute Copy Data Pipeline - LAND- RAW",
						"dependencyConditions": [
							"Succeeded"
						]
					}
				],
				"policy": {
					"timeout": "7.00:00:00",
					"retry": 0,
					"retryIntervalInSeconds": 30,
					"secureOutput": false,
					"secureInput": false
				},
				"userProperties": [],
				"typeProperties": {
					"source": {
						"type": "AzureSqlSource",
						"sqlReaderStoredProcedureName": "[cp_data].[usp_load_metadata_info]",
						"storedProcedureParameters": {
							"load_from_processing_log": {
								"type": "Int32",
								"value": "1"
							},
							"processing_log_source_layer_id": {
								"type": "Int32",
								"value": "3"
							},
							"processing_log_target_layer_id": {
								"type": "Int32",
								"value": "4"
							},
							"project_alias": {
								"type": "String",
								"value": {
									"value": "@pipeline().parameters.project_alias",
									"type": "Expression"
								}
							},
							"source_list": {
								"type": "String",
								"value": {
									"value": "@pipeline().parameters.source_list",
									"type": "Expression"
								}
							},
							"dataset_list": {
								"type": "String",
								"value": {
									"value": "@pipeline().parameters.dataset_list",
									"type": "Expression"
								}
							}
						},
						"queryTimeout": "02:00:00",
						"partitionOption": "None"
					},
					"dataset": {
						"referenceName": "DS_AzureSQL_CPData",
						"type": "DatasetReference"
					},
					"firstRowOnly": false
				}
			},
			{
				"name": "Execute Copy Data Pipeline - RAW-ENRICHED UNHARMONISED",
				"type": "ForEach",
				"dependsOn": [
					{
						"activity": "Lookup - Processing Log - RAW to ENRICHED UNHARMONISED",
						"dependencyConditions": [
							"Succeeded"
						]
					}
				],
				"userProperties": [],
				"typeProperties": {
					"items": {
						"value": "@activity('Lookup - Processing Log - RAW to ENRICHED UNHARMONISED').output.value",
						"type": "Expression"
					},
					"batchCount": 5,
					"activities": [
						{
							"name": "Log Processing LandingToRaw- Success_copy1",
							"type": "SqlServerStoredProcedure",
							"dependsOn": [
								{
									"activity": "Databricks - RAW to ENRICHED UNHARMONISED",
									"dependencyConditions": [
										"Succeeded"
									]
								}
							],
							"policy": {
								"timeout": "7.00:00:00",
								"retry": 0,
								"retryIntervalInSeconds": 30,
								"secureOutput": false,
								"secureInput": false
							},
							"userProperties": [],
							"typeProperties": {
								"storedProcedureName": "[cp_data].[update_load_status]",
								"storedProcedureParameters": {
									"Batch_id": {
										"value": {
											"value": "@pipeline().RunId",
											"type": "Expression"
										},
										"type": "String"
									},
									"Databytes_read": {
										"value": "0",
										"type": "Double"
									},
									"Load_end_date": {
										"value": {
											"value": "@formatDateTime(utcnow(),'yyyy-MM-dd HH:mm:ss')",
											"type": "Expression"
										},
										"type": "DateTime"
									},
									"Load_status": {
										"value": "Success",
										"type": "String"
									},
									"Load_status_id": {
										"value": {
											"value": "@item().load_status_id",
											"type": "Expression"
										},
										"type": "Int32"
									},
									"Modified_by": {
										"value": "ADF",
										"type": "String"
									},
									"Modified_date": {
										"value": {
											"value": "@pipeline().TriggerTime",
											"type": "Expression"
										},
										"type": "DateTime"
									},
									"Project_id": {
										"value": {
											"value": "@item().project_id",
											"type": "Expression"
										},
										"type": "Int32"
									},
									"Source_Dataset": {
										"value": {
											"value": "@item().source_dataset",
											"type": "Expression"
										},
										"type": "String"
									},
									"Source_layer_id": {
										"value": "3",
										"type": "Int32"
									},
									"Source_record_count": {
										"value": {
											"value": "@activity('Databricks - RAW to ENRICHED UNHARMONISED').output.runOutput.ReadCount",
											"type": "Expression"
										},
										"type": "Int32"
									},
									"Status_description": {
										"value": "Pipeline succeeded",
										"type": "String"
									},
									"Target_Dataset": {
										"value": {
											"value": "@replace(item().dataset, 'avro', 'parquet')",
											"type": "Expression"
										},
										"type": "String"
									},
									"Target_layer_id": {
										"value": "4",
										"type": "Int32"
									},
									"Target_record_count": {
										"value": {
											"value": "@activity('Databricks - RAW to ENRICHED UNHARMONISED').output.runOutput.WriteCount",
											"type": "Expression"
										},
										"type": "Int32"
									},
									"Source_id": {
										"value": {
											"value": "@item().source_id",
											"type": "Expression"
										},
										"type": "Int32"
									}
								}
							},
							"linkedServiceName": {
								"referenceName": "LS_SQLDB_CPData",
								"type": "LinkedServiceReference"
							}
						},
						{
							"name": "Log Processing LandingToRaw- Failed_copy1",
							"type": "SqlServerStoredProcedure",
							"dependsOn": [
								{
									"activity": "Databricks - RAW to ENRICHED UNHARMONISED",
									"dependencyConditions": [
										"Failed"
									]
								}
							],
							"policy": {
								"timeout": "7.00:00:00",
								"retry": 0,
								"retryIntervalInSeconds": 30,
								"secureOutput": false,
								"secureInput": false
							},
							"userProperties": [],
							"typeProperties": {
								"storedProcedureName": "[cp_data].[update_load_status]",
								"storedProcedureParameters": {
									"Batch_id": {
										"value": {
											"value": "@pipeline().RunId",
											"type": "Expression"
										},
										"type": "String"
									},
									"Databytes_read": {
										"value": "0",
										"type": "Double"
									},
									"Load_end_date": {
										"value": {
											"value": "@formatDateTime(utcnow(),'yyyy-MM-dd HH:mm:ss')",
											"type": "Expression"
										},
										"type": "DateTime"
									},
									"Load_status": {
										"value": "Failed",
										"type": "String"
									},
									"Load_status_id": {
										"value": {
											"value": "@item().load_status_id",
											"type": "Expression"
										},
										"type": "Int32"
									},
									"Modified_by": {
										"value": "ADF",
										"type": "String"
									},
									"Modified_date": {
										"value": {
											"value": "@pipeline().TriggerTime",
											"type": "Expression"
										},
										"type": "DateTime"
									},
									"Project_id": {
										"value": {
											"value": "@item().project_id",
											"type": "Expression"
										},
										"type": "Int32"
									},
									"Source_Dataset": {
										"value": {
											"value": "@item().source_dataset",
											"type": "Expression"
										},
										"type": "String"
									},
									"Source_layer_id": {
										"value": "3",
										"type": "Int32"
									},
									"Source_record_count": {
										"value": {
											"value": "@activity('Databricks - RAW to ENRICHED UNHARMONISED').output.runOutput.ReadCount",
											"type": "Expression"
										},
										"type": "Int32"
									},
									"Status_description": {
										"value": {
											"value": "@activity('Databricks - RAW to ENRICHED UNHARMONISED').output.runOutput.Message",
											"type": "Expression"
										},
										"type": "String"
									},
									"Target_Dataset": {
										"value": {
											"value": "@replace(item().dataset, 'avro', 'parquet')",
											"type": "Expression"
										},
										"type": "String"
									},
									"Target_layer_id": {
										"value": "4",
										"type": "Int32"
									},
									"Target_record_count": {
										"value": {
											"value": "@activity('Databricks - RAW to ENRICHED UNHARMONISED').output.runOutput.WriteCount",
											"type": "Expression"
										},
										"type": "Int32"
									},
									"Source_id": {
										"value": {
											"value": "@item().source_id",
											"type": "Expression"
										},
										"type": "Int32"
									}
								}
							},
							"linkedServiceName": {
								"referenceName": "LS_SQLDB_CPData",
								"type": "LinkedServiceReference"
							}
						},
						{
							"name": "Databricks - RAW to ENRICHED UNHARMONISED",
							"type": "DatabricksNotebook",
							"dependsOn": [],
							"policy": {
								"timeout": "7.00:00:00",
								"retry": 0,
								"retryIntervalInSeconds": 30,
								"secureOutput": false,
								"secureInput": false
							},
							"userProperties": [],
							"typeProperties": {
								"notebookPath": "/Shared/CP_Data/Raw_to_Delta/raw_to_enriched_unharmonised ",
								"baseParameters": {
									"primary_keys": {
										"value": "@item().config_primary_keys",
										"type": "Expression"
									},
									"delta_file_path": {
										"value": "@concat('PROJECT/', replace(replace(replace(item().config_adls_enriched_unharmonised_path, '##config_environment##', toUpper(item().config_environment)), '##source_name##', toUpper(item().source_name)), '##config_data_classification##', toUpper(item().config_data_classification)), '/', item().config_source_schema, '.', item().dataset, '/')",
										"type": "Expression"
									},
									"raw_file_path": {
										"value": "@concat('PROJECT/', replace(replace(replace(item().config_adls_raw_path, '##config_environment##', toUpper(item().config_environment)), '##source_name##', toUpper(item().source_name)), '##config_data_classification##', toUpper(item().config_data_classification)), '/', item().config_source_schema, '.', item().dataset, '/')",
										"type": "Expression"
									},
									"raw_file_name": {
										"value": "@item().source_dataset",
										"type": "Expression"
									},
									"transaction_type": {
										"value": "@item().config_data_hub",
										"type": "Expression"
									},
									"load_type": {
										"value": "@item().config_src_load_type",
										"type": "Expression"
									},
									"scd_type": {
										"value": "@item().config_scd_type",
										"type": "Expression"
									},
									"adls_mount_base": {
										"value": "@pipeline().parameters.adls_mount_base_path",
										"type": "Expression"
									},
									"enable_databricks_delta": {
										"value": "@item().config_enable_databricks_delta",
										"type": "Expression"
									},
									"meta_created_dttm": {
										"value": "@pipeline().parameters.meta_created_dttm",
										"type": "Expression"
									},
									"alds_enriched_unharmonised_file_format": {
										"value": "@item().config_alds_enriched_unharmonised_file_format",
										"type": "Expression"
									},
									"delta_key": {
										"value": "@item().config_inc_column_name",
										"type": "Expression"
									}
								}
							},
							"linkedServiceName": {
								"referenceName": "LS_Databricks_CPData_Dev",
								"type": "LinkedServiceReference"
							}
						},
						{
							"name": "If data written to ENRICHED UNHARMONISED",
							"type": "IfCondition",
							"dependsOn": [
								{
									"activity": "Log Processing LandingToRaw- Success_copy1",
									"dependencyConditions": [
										"Succeeded"
									]
								}
							],
							"userProperties": [],
							"typeProperties": {
								"expression": {
									"value": "@greater(int(activity('Databricks - RAW to ENRICHED UNHARMONISED').output.runOutput.WriteCount), 0)",
									"type": "Expression"
								},
								"ifTrueActivities": [
									{
										"name": "Insert Log Processing - ENRICHED UNHARMONISED to DWH",
										"type": "SqlServerStoredProcedure",
										"dependsOn": [],
										"policy": {
											"timeout": "7.00:00:00",
											"retry": 0,
											"retryIntervalInSeconds": 30,
											"secureOutput": false,
											"secureInput": false
										},
										"userProperties": [],
										"typeProperties": {
											"storedProcedureName": "[cp_data].[insert_load_status]",
											"storedProcedureParameters": {
												"Batch_id": {
													"value": {
														"value": "@pipeline().RunId",
														"type": "Expression"
													},
													"type": "String"
												},
												"Created_by": {
													"value": "ADF",
													"type": "String"
												},
												"Created_date": {
													"value": {
														"value": "@pipeline().TriggerTime",
														"type": "Expression"
													},
													"type": "DateTime"
												},
												"Load_start_time": {
													"value": {
														"value": "@pipeline().TriggerTime",
														"type": "Expression"
													},
													"type": "DateTime"
												},
												"Load_status": {
													"value": "New",
													"type": "String"
												},
												"Project_id": {
													"value": {
														"value": "@item().project_id",
														"type": "Expression"
													},
													"type": "Int32"
												},
												"Source_Dataset": {
													"value": {
														"value": "@replace(item().source_dataset, 'avro', 'parquet')",
														"type": "Expression"
													},
													"type": "String"
												},
												"Source_layer_id": {
													"value": "4",
													"type": "Int32"
												},
												"Target_layer_id": {
													"value": "5",
													"type": "Int32"
												},
												"Dataset": {
													"value": {
														"value": "@item().dataset",
														"type": "Expression"
													},
													"type": "String"
												},
												"Source_id": {
													"value": {
														"value": "@item().source_id",
														"type": "Expression"
													},
													"type": "Int32"
												}
											}
										},
										"linkedServiceName": {
											"referenceName": "LS_SQLDB_CPData",
											"type": "LinkedServiceReference"
										}
									}
								]
							}
						}
					]
				}
			}
		],
		"parameters": {
			"project_alias": {
				"type": "string",
				"defaultValue": "cp_data"
			},
			"source_list": {
				"type": "string"
			},
			"dataset_list": {
				"type": "string"
			},
			"meta_created_dttm": {
				"type": "string"
			},
			"adls_mount_base_path": {
				"type": "string",
				"defaultValue": "/mnt/ADLS/"
			}
		},
		"variables": {
			"META_CREATED_DTTM": {
				"type": "String"
			}
		},
		"folder": {
			"name": "CP Data/Backup"
		},
		"annotations": [],
		"lastPublishTime": "2020-09-28T12:45:25Z"
	},
	"type": "Microsoft.DataFactory/factories/pipelines"
}