{
	"name": "Acaciasoft_cds-crss_daily_meter_data_res-V1V2comparator",
	"properties": {
		"description": "This is the V1V2 comparator trigger specifically for the dataset: crss_daily_meter_data_res",
		"annotations": [],
		"runtimeState": "Stopped",
		"pipelines": [
			{
				"pipelineReference": {
					"referenceName": "PL_Taf_V1_V2_Comparator_Main",
					"type": "PipelineReference"
				},
				"parameters": {
					"source_alias": "acaciasoft_cds",
					"datasetList": "crss_daily_meter_data_res",
					"override_clone": "false"
				}
			}
		],
		"type": "ScheduleTrigger",
		"typeProperties": {
			"recurrence": {
				"frequency": "Day",
				"interval": 1,
				"startTime": "2024-06-20T14:52:00",
				"timeZone": "GMT Standard Time",
				"schedule": {
					"minutes": [
						50
					],
					"hours": [
						8,
						12,
						15,
						23
					]
				}
			}
		}
	}
}