{
	"name": "Crossfutures_V1V2Comparator",
	"properties": {
		"annotations": [],
		"runtimeState": "Stopped",
		"pipelines": [
			{
				"pipelineReference": {
					"referenceName": "PL_Taf_V1_V2_Comparator_Main",
					"type": "PipelineReference"
				},
				"parameters": {
					"source_alias": "crossfutures_cds",
					"datasetList": "SO_PERFORMANCE_SUMMARY,SO_SNAPSHOT,SO_SNAPSHOT_INSTANCE,SO_TRIP,SO_AMENDMENT",
					"override_clone": "false"
				}
			}
		],
		"type": "ScheduleTrigger",
		"typeProperties": {
			"recurrence": {
				"frequency": "Day",
				"interval": 1,
				"startTime": "2024-04-05T10:55:00",
				"timeZone": "UTC-11",
				"schedule": {
					"minutes": [
						0
					],
					"hours": [
						3
					]
				}
			}
		}
	}
}