{
	"name": "QuantPortal_V1V2Comparator",
	"properties": {
		"annotations": [],
		"runtimeState": "Stopped",
		"pipelines": [
			{
				"pipelineReference": {
					"referenceName": "PL_Taf_V1_V2_Comparator_Main",
					"type": "PipelineReference"
				},
				"parameters": {
					"source_alias": "quant_portal_cds",
					"datasetList": "BU_VAR_CHANGE_UPDATED_GLNG_V,GLNG_PROFIT_CENTER_VAR_V,GLNG_SPL_PTFL_TPTM_T,GLNG_SPL_PTFL_YPTM_T,SSA_DNVAR_OUTPUT_EOD",
					"override_clone": "false"
				}
			}
		],
		"type": "ScheduleTrigger",
		"typeProperties": {
			"recurrence": {
				"frequency": "Week",
				"interval": 1,
				"startTime": "2024-04-05T09:39:00",
				"timeZone": "UTC-11",
				"schedule": {
					"minutes": [
						30
					],
					"hours": [
						6
					],
					"weekDays": [
						"Monday",
						"Tuesday",
						"Wednesday",
						"Thursday",
						"Friday"
					]
				}
			}
		}
	}
}