{
	"name": "Rbp_V1V2Comparator",
	"properties": {
		"annotations": [],
		"runtimeState": "Stopped",
		"pipelines": [
			{
				"pipelineReference": {
					"referenceName": "PL_Taf_V1_V2_Comparator_Main",
					"type": "PipelineReference"
				},
				"parameters": {
					"source_alias": "rbp_cds",
					"datasetList": "RBP_Hourly_Monthly_SensNC_High_Nodal_prices_Hourly,RBP_Hourly_Monthly_SensNC_High_Nodal_prices_Monthly,RBP_Hourly_Monthly_SensNC_Low_Nodal_prices_Hourly,RBP_Hourly_Monthly_SensNC_Low_Nodal_prices_Monthly,RBP_Hourly_Monthly_RefNC_Base_Nodal_prices_Hourly,RBP_Hourly_Monthly_RefNC_Base_Nodal_prices_Monthly",
					"override_clone": "false"
				}
			}
		],
		"type": "ScheduleTrigger",
		"typeProperties": {
			"recurrence": {
				"frequency": "Day",
				"interval": 1,
				"startTime": "2024-04-05T10:57:00",
				"timeZone": "UTC-11",
				"schedule": {
					"minutes": [
						30
					],
					"hours": [
						18
					]
				}
			}
		}
	}
}