{
	"name": "Trayport_AnalyticsV1V2Comparator",
	"properties": {
		"annotations": [],
		"runtimeState": "Stopped",
		"pipelines": [
			{
				"pipelineReference": {
					"referenceName": "PL_Taf_V1_V2_Comparator_Main",
					"type": "PipelineReference"
				},
				"parameters": {
					"source_alias": "trayport_analytics_cds",
					"datasetList": "ALL_INS_SEQ_SFTP_DATA.avro,Epex_AllPrivateTrade_Data.avro",
					"override_clone": "false"
				}
			}
		],
		"type": "ScheduleTrigger",
		"typeProperties": {
			"recurrence": {
				"frequency": "Week",
				"interval": 1,
				"startTime": "2024-04-05T11:00:00",
				"timeZone": "UTC-11",
				"schedule": {
					"minutes": [
						30
					],
					"hours": [
						12
					],
					"weekDays": [
						"Tuesday",
						"Wednesday",
						"Thursday",
						"Friday",
						"Saturday"
					]
				}
			}
		}
	}
}