{
	"name": "V1V2_radar_cds_datasets",
	"properties": {
		"annotations": [],
		"runtimeState": "Stopped",
		"pipelines": [
			{
				"pipelineReference": {
					"referenceName": "PL_Taf_V1_V2_Comparator_Main",
					"type": "PipelineReference"
				},
				"parameters": {
					"source_alias": "radar_cds",
					"datasetList": "ACTIVITY,BVT_GRADE,DEM_VERSION,DW_GRADE_HEADER,RAD_ACCRUAL,RAD_FLOAT_STORAGE,RAD_HUB_COST_PORT_CALLS,RAD_HUB_COST_VOY_CARGO,RAD_HUB_DO_COST,RAD_HUB_FFR_PAYMENT,RAD_HUB_HEADER,RAD_HUB_SOA_DETAIL,RAD_SHIP_COST,RAD_SHIP_COST_ALLOC,VOY_COST_COMPONENT,VOY_COSTS",
					"override_clone": "false"
				}
			}
		],
		"type": "ScheduleTrigger",
		"typeProperties": {
			"recurrence": {
				"frequency": "Day",
				"interval": 1,
				"startTime": "2024-08-01T13:34:00",
				"timeZone": "GMT Standard Time",
				"schedule": {
					"minutes": [
						0
					],
					"hours": [
						7
					]
				}
			}
		}
	}
}