{
	"name": "V1V2_zema_cds_datasets",
	"properties": {
		"annotations": [],
		"runtimeState": "Stopped",
		"pipelines": [
			{
				"pipelineReference": {
					"referenceName": "PL_Taf_V1_V2_Comparator_Main",
					"type": "PipelineReference"
				},
				"parameters": {
					"source_alias": "zema_cds",
					"datasetList": "vwCrossCurrency",
					"override_clone": "false"
				}
			}
		],
		"type": "ScheduleTrigger",
		"typeProperties": {
			"recurrence": {
				"frequency": "Week",
				"interval": 1,
				"startTime": "2024-08-01T13:46:00",
				"timeZone": "GMT Standard Time",
				"schedule": {
					"minutes": [
						0
					],
					"hours": [
						15
					],
					"weekDays": [
						"Monday",
						"Tuesday",
						"Wednesday",
						"Thursday",
						"Friday"
					]
				}
			}
		}
	}
}