{
	"name": "V1V2_kepler_cds_datasets",
	"properties": {
		"annotations": [],
		"runtimeState": "Stopped",
		"pipelines": [
			{
				"pipelineReference": {
					"referenceName": "PL_Taf_V1_V2_Comparator_Main",
					"type": "PipelineReference"
				},
				"parameters": {
					"source_alias": "kepler_cds",
					"datasetList": "Country,DipData,Discharge,DischargeDetail,DischargeDetailProductLevel,DischargeSite,Errors,Haulier,Job,JobEvent,JobItem,Loading,LoadingDetail,LoadingDetailProductLevel,LoadingPlant,ParkingLocations,ProductMapping,Shipment,Stationary,Tank,TraceLocation,Vehicle",
					"override_clone": "false"
				}
			}
		],
		"type": "ScheduleTrigger",
		"typeProperties": {
			"recurrence": {
				"frequency": "Day",
				"interval": 1,
				"startTime": "2024-08-01T13:44:00",
				"timeZone": "GMT Standard Time",
				"schedule": {
					"minutes": [
						0
					],
					"hours": [
						2
					]
				}
			}
		}
	}
}