{
	"name": "V1V2_tesla_cds_datasets",
	"properties": {
		"annotations": [],
		"runtimeState": "Stopped",
		"pipelines": [
			{
				"pipelineReference": {
					"referenceName": "PL_Taf_V1_V2_Comparator_Main",
					"type": "PipelineReference"
				},
				"parameters": {
					"source_alias": "tesla_cds",
					"datasetList": "WESM_LUZON_VISAYAS_Weather_Risk",
					"override_clone": "false"
				}
			}
		],
		"type": "ScheduleTrigger",
		"typeProperties": {
			"recurrence": {
				"frequency": "Week",
				"interval": 1,
				"startTime": "2024-08-01T13:51:00",
				"timeZone": "GMT Standard Time",
				"schedule": {
					"minutes": [
						0
					],
					"hours": [
						15
					],
					"weekDays": [
						"Friday",
						"Saturday",
						"Sunday"
					]
				}
			}
		}
	}
}