{
	"name": "Vmife_V1V2Comparator",
	"properties": {
		"annotations": [],
		"runtimeState": "Stopped",
		"pipelines": [
			{
				"pipelineReference": {
					"referenceName": "PL_Taf_V1_V2_Comparator_Main",
					"type": "PipelineReference"
				},
				"parameters": {
					"source_alias": "vmife_cds",
					"datasetList": "atg_kpi,Delivery,kpi_scorecard,Sales_Meter_Reading,Sales_Pattern,Sales_Pattern_Detail,Stock_Reading,Tank_Group",
					"override_clone": "false"
				}
			}
		],
		"type": "ScheduleTrigger",
		"typeProperties": {
			"recurrence": {
				"frequency": "Day",
				"interval": 1,
				"startTime": "2024-04-05T10:51:00",
				"timeZone": "UTC-11",
				"schedule": {
					"minutes": [
						0
					],
					"hours": [
						3
					]
				}
			}
		}
	}
}