{
	"name": "LS_Databricks_PoolCluster_Parameterized",
	"properties": {
		"parameters": {
			"DB_Workspace": {
				"type": "string"
			},
			"DB_Spark_Version": {
				"type": "string"
			},
			"DB_Worker_Node_type": {
				"type": "string"
			},
			"DB_Worker_Autoscale": {
				"type": "string"
			},
			"DB_Cluster_PoolID": {
				"type": "string"
			},
			"DB_SERVER": {
				"type": "string"
			},
			"DB_DATABASE": {
				"type": "string"
			},
			"DB_USER": {
				"type": "string"
			},
			"SCOPE_NAME": {
				"type": "string"
			},
			"ADLS_KEY": {
				"type": "string"
			},
			"ADLS_CLIENT_ID": {
				"type": "string"
			},
			"DB_SecretName": {
				"type": "string"
			},
			"Source_Name": {
				"type": "string"
			},
			"Source_Type": {
				"type": "string"
			},
			"Source_Onprem_Cloud": {
				"type": "string"
			},
			"Source_Name_Variant": {
				"type": "string"
			},
			"Config_Src_Load_Type": {
				"type": "string"
			},
			"Dataset": {
				"type": "string"
			},
			"Cluster_Type": {
				"type": "string"
			}
		},
		"annotations": [],
		"type": "AzureDatabricks",
		"typeProperties": {
			"domain": "@linkedService().DB_Workspace",
			"accessToken": {
				"type": "AzureKeyVaultSecret",
				"store": {
					"referenceName": "Default Key Vault Service",
					"type": "LinkedServiceReference"
				},
				"secretName": {
					"value": "@linkedService().DB_SecretName",
					"type": "Expression"
				}
			},
			"instancePoolId": "@linkedService().DB_Cluster_PoolID",
			"newClusterNodeType": "@linkedService().DB_Worker_Node_type",
			"newClusterNumOfWorker": "@linkedService().DB_Worker_Autoscale",
			"newClusterSparkEnvVars": {
				"DB_SERVER": {
					"value": "@linkedService().DB_SERVER",
					"type": "Expression"
				},
				"DB_DATABASE": {
					"value": "@linkedService().DB_DATABASE",
					"type": "Expression"
				},
				"DB_USER": {
					"value": "@linkedService().DB_USER",
					"type": "Expression"
				},
				"SCOPE_NAME": {
					"value": "@linkedService().SCOPE_NAME",
					"type": "Expression"
				},
				"ADLS_KEY": {
					"value": "@linkedService().ADLS_KEY",
					"type": "Expression"
				},
				"ADLS_CLIENT_ID": {
					"value": "@linkedService().ADLS_CLIENT_ID",
					"type": "Expression"
				}
			},
			"newClusterCustomTags": {
				"Source_Name": {
					"value": "@linkedService().Source_Name",
					"type": "Expression"
				},
				"Source_Type": {
					"value": "@linkedService().Source_Type",
					"type": "Expression"
				},
				"Source_Hosting": {
					"value": "@linkedService().Source_Onprem_Cloud",
					"type": "Expression"
				},
				"Source_Variant": {
					"value": "@linkedService().Source_Name_Variant",
					"type": "Expression"
				},
				"Load_Type": {
					"value": "@linkedService().Config_Src_Load_Type",
					"type": "Expression"
				},
				"Dataset": {
					"value": "@linkedService().Dataset",
					"type": "Expression"
				},
				"Cluster_Type": {
					"value": "@linkedService().Cluster_Type",
					"type": "Expression"
				}
			},
			"newClusterVersion": "@linkedService().DB_Spark_Version",
			"newClusterInitScripts": [],
			"clusterOption": "Fixed"
		}
	}
}