{
	"name": "LS_Databricks_CPData",
	"type": "Microsoft.DataFactory/factories/linkedservices",
	"properties": {
		"type": "AzureDatabricks",
		"typeProperties": {
			"domain": "@linkedService().DB_Workspace",
			"accessToken": {
				"type": "AzureKeyVaultSecret",
				"store": {
					"referenceName": "Default Key Vault Service",
					"type": "LinkedServiceReference"
				},
				"secretName": {
					"value": "@linkedService().DB_SecretName",
					"type": "Expression"
				}
			},
			"existingClusterId": "@linkedService().DB_ClusterID"
		},
		"parameters": {
			"DB_Workspace": {
				"type": "string"
			},
			"DB_SecretName": {
				"type": "string"
			},
			"DB_ClusterID": {
				"type": "string"
			}
		},
		"annotations": []
	}
}