{
	"name": "LS_SQLDB_CPData",
	"type": "Microsoft.DataFactory/factories/linkedservices",
	"properties": {
		"description": "Linked Service to connect to CPData SQL Server Database",
		"parameters": {
			"LS_SQLServerName": {
				"type": "string"
			},
			"LS_SQLDBName": {
				"type": "string"
			},
			"LS_SQLUserName": {
				"type": "string"
			},
			"LS_SQLUserSecretName": {
				"type": "string"
			}
		},
		"annotations": [],
		"type": "AzureSqlDatabase",
		"typeProperties": {
			"connectionString": "Integrated Security=False;Encrypt=True;Connection Timeout=30;Data Source=@{linkedService().LS_SQLServerName};Initial Catalog=@{linkedService().LS_SQLDBName};User ID=@{linkedService().LS_SQLUserName}",
			"password": {
				"type": "AzureKeyVaultSecret",
				"store": {
					"referenceName": "Default Key Vault Service",
					"type": "LinkedServiceReference"
				},
				"secretName": {
					"value": "@linkedService().LS_SQLUserSecretName",
					"type": "Expression"
				}
			}
		}
	}
}