{
	"name": "LS_SQLDWH_Parameterized",
	"type": "Microsoft.DataFactory/factories/linkedservices",
	"properties": {
		"parameters": {
			"LS_SQLDWHServerName": {
				"type": "string"
			},
			"LS_SQLDWHDatabaseName": {
				"type": "string"
			},
			"LS_SQLDWHUserName": {
				"type": "string"
			},
			"LS_SQLDWHKeyVault": {
				"type": "string"
			}
		},
		"annotations": [],
		"type": "AzureSqlDW",
		"typeProperties": {
			"connectionString": "Integrated Security=False;Encrypt=True;Connection Timeout=30;Data Source=@{linkedService().LS_SQLDWHServerName};Initial Catalog=@{linkedService().LS_SQLDWHDatabaseName};User ID=@{linkedService().LS_SQLDWHUserName}",
			"password": {
				"type": "AzureKeyVaultSecret",
				"store": {
					"referenceName": "Default Key Vault Service",
					"type": "LinkedServiceReference"
				},
				"secretName": {
					"value": "@linkedService().LS_SQLDWHKeyVault",
					"type": "Expression"
				}
			}
		}
	}
}