{
	"name": "shell-02-eun-adf-drxtpcijphrzixxruzu",
	"properties": {
		"globalParameters": {
			"DB_Workspace": {
				"type": "string",
				"value": "https://adb-195245352494029.9.azuredatabricks.net"
			},
			"DB_SecretName": {
				"type": "string",
				"value": "databricks-dev-token"
			},
			"DB_ClusterID": {
				"type": "string",
				"value": "0712-104909-gqw1d62w"
			},
			"SQLServerName": {
				"type": "string",
				"value": "shell-01-eun-sq-vwvxqmqfsltvwsftjbzt.database.windows.net"
			},
			"SQLDBName": {
				"type": "string",
				"value": "shell-01-eun-sqdb-zjktctrunctxtrbovevz"
			},
			"SQLUserName": {
				"type": "string",
				"value": "CPData_Dev_ADF"
			},
			"SQLUserSecretName": {
				"type": "string",
				"value": "cpdata-sqldb-adf"
			},
			"SQLDwActivationFlag": {
				"type": "string",
				"value": "true"
			},
			"LogicAppKVURL": {
				"type": "string",
				"value": "https://shell-02-eun-kv-civkqaiq.vault.azure.net/secrets/LogicAppURL/c718af70f03645a9a422a839d4b7c12e?api-version=7.0"
			},
			"ADLS_ContainerName": {
				"type": "string",
				"value": "shell01eunadls2lserrccrn"
			},
			"Raw_To_Unharm_Notebook_Path_V2": {
				"type": "string",
				"value": "/Shared/CP_Data/Raw_to_EnrUnharm_V2/raw_to_unharm_controller"
			},
			"Raw_To_Unharm_Notebook_Path_V1": {
				"type": "string",
				"value": "/Shared/CP_Data/Raw_to_EnrUnharm/raw_to_enriched_unharmonised"
			},
			"SQLUserName_ADB": {
				"type": "string",
				"value": "CPData_Dev_ADB"
			},
			"KVScopeName": {
				"type": "string",
				"value": "CPDataDatabricksScopeDev"
			},
			"ADLS_KVSecretName": {
				"type": "string",
				"value": "shell-02-spn-rpvelwqugestjuwavlpq"
			},
			"ADLS_SPN_ClientID": {
				"type": "string",
				"value": "64955b2c-18ea-4e34-a958-293f622b4a22"
			},
			"ADLSStore": {
				"type": "string",
				"value": "https://shell01eunadls2lserrccrn.dfs.core.windows.net"
			},
			"logic_app_send_email_url": {
				"type": "string",
				"value": "https://prod-05.northeurope.logic.azure.com:443/workflows/18cfa49a6f3f4c9c9775f452815c57c8/triggers/manual/paths/invoke?api-version=2016-10-01&sp=%2Ftriggers%2Fmanual%2Frun&sv=1.0&sig=Y84BkXnajP0-ev-4fbRaiipO8PKdG53jw0E9ytVa7EY"
			}
		}
	},
	"location": "northeurope",
	"identity": {
		"type": "SystemAssigned",
		"principalId": "05e46bf1-753f-4e1f-a4c3-d127f63c3109",
		"tenantId": "db1e96a8-a3da-442a-930b-235cac24cd5c"
	}
}
