{
	"name": "shell-02-eun-adf-dbgeupdozejcztsnajc",
	"properties": {
		"globalParameters": {
			"DB_Workspace": {
				"type": "string",
				"value": "https://adb-3979583049093772.12.azuredatabricks.net"
			},
			"DB_SecretName": {
				"type": "string",
				"value": "databricks-test-token"
			},
			"DB_ClusterID": {
				"type": "string",
				"value": "1006-064714-dried394"
			},
			"SQLServerName": {
				"type": "string",
				"value": "shell-01-eun-sq-loycwmkkjmeiluhhpklh.database.windows.net"
			},
			"SQLDBName": {
				"type": "string",
				"value": "shell-01-eun-sqdb-jregwmhnkubxfznkmnwu"
			},
			"SQLUserName": {
				"type": "string",
				"value": "CPData_Test_ADF"
			},
			"SQLUserSecretName": {
				"type": "string",
				"value": "cpdata-sqldb-adf"
			},
			"SQLDwActivationFlag": {
				"type": "string",
				"value": "F"
			}
		}
	},
	"location": "northeurope",
	"identity": {
		"type": "SystemAssigned",
		"principalId": "a8962f13-d545-4a2f-a148-9d93d05c86f0",
		"tenantId": "db1e96a8-a3da-442a-930b-235cac24cd5c"
	}
}
