{
	"name": "shell-32-eun-adf-gipklwljyrhvgtozfaq",
	"properties": {
		"globalParameters": {
			"DB_Workspace": {
				"type": "string",
				"value": "https://adb-8700782537864484.4.azuredatabricks.net/"
			},
			"DB_SecretName": {
				"type": "string",
				"value": "databricks-prod-token"
			},
			"DB_ClusterID": {
				"type": "string",
				"value": "0113-081138-roved422"
			},
			"SQLServerName": {
				"type": "string",
				"value": "shell-31-eun-sq-ihprtobifxopznqxvmtg.database.windows.net"
			},
			"SQLDBName": {
				"type": "string",
				"value": "shell-31-eun-sqdb-kkgcnsjajhqtrsekdxdi"
			},
			"SQLUserName": {
				"type": "string",
				"value": "CPData_Prod_ADF"
			},
			"SQLUserSecretName": {
				"type": "string",
				"value": "cpdata-sqldb-adf"
			},
			"SQLDwActivationFlag": {
				"type": "string",
				"value": "F"
			}
		}
	},
	"location": "northeurope"
}
