{
    "$schema": "https://schema.management.azure.com/schemas/2015-01-01/deploymentParameters.json#",
    "contentVersion": "1.0.0.0",
    "DeployIR": [
    
    ],
    "Linkedservices": [

	{"name" : "LS_Databricks_JobCluster_Parameterized.json"}
    ],
    "Datasets": [  

    ],
    "Pipelines": [	    	


    ],
    "StopTriggers": [  
	
        
    ],
    "DeployTriggers": [ 
	{"name" : "V1V2_kepler_cds_datasets.json"},
	{"name" : "V1V2_next_kraftwerke_cds_datasets.json"},
	{"name" : "V1V2_radar_cds_datasets.json"},
	{"name" : "V1V2_tesla_cds_datasets.json"},
	{"name" : "V1V2_zema_cds_datasets.json"}
	
    ],
    "StartTriggers": [

    ],
    "DeleteTriggers": [
    	

    ],
    "deletepipelines": [	  	

    ],
    "deletedatasets": [	  	

    ],
    "deletelinkedservices": [	  	

    ]
}
