{
	"name": "DS_ASDWH_Parameterised",
	"properties": {
		"linkedServiceName": {
			"referenceName": "LS_SQLDWH_Parameterized",
			"type": "LinkedServiceReference",
			"parameters": {
				"LS_SQLDWHServerName": {
					"value": "@dataset().server_name",
					"type": "Expression"
				},
				"LS_SQLDWHDatabaseName": {
					"value": "@dataset().database_name",
					"type": "Expression"
				},
				"LS_SQLDWHUserName": {
					"value": "@dataset().user_name",
					"type": "Expression"
				},
				"LS_SQLDWHKeyVault": {
					"value": "@dataset().keyvault_name",
					"type": "Expression"
				}
			}
		},
		"parameters": {
			"schema_name": {
				"type": "string"
			},
			"table_name": {
				"type": "string"
			},
			"server_name": {
				"type": "string"
			},
			"database_name": {
				"type": "string"
			},
			"user_name": {
				"type": "string"
			},
			"keyvault_name": {
				"type": "string"
			}
		},
		"folder": {
			"name": "Platform_DataSets"
		},
		"annotations": [],
		"type": "AzureSqlDWTable",
		"schema": [],
		"typeProperties": {
			"schema": {
				"value": "@dataset().schema_name",
				"type": "Expression"
			},
			"table": {
				"value": "@dataset().table_name",
				"type": "Expression"
			}
		}
	},
	"type": "Microsoft.DataFactory/factories/datasets"
}