{
	"name": "DS_AzureSQL_CPData",
	"properties": {
		"linkedServiceName": {
			"referenceName": "LS_SQLDB_CPData",
			"type": "LinkedServiceReference",
			"parameters": {
				"LS_SQLServerName": {
					"value": "@dataset().SQLServerName",
					"type": "Expression"
				},
				"LS_SQLDBName": {
					"value": "@dataset().SQLDBName",
					"type": "Expression"
				},
				"LS_SQLUserName": {
					"value": "@dataset().SQLUserName",
					"type": "Expression"
				},
				"LS_SQLUserSecretName": {
					"value": "@dataset().SQLUserSecretName",
					"type": "Expression"
				}
			}
		},
		"parameters": {
			"SQLServerName": {
				"type": "String"
			},
			"SQLDBName": {
				"type": "String"
			},
			"SQLUserName": {
				"type": "String"
			},
			"SQLUserSecretName": {
				"type": "String"
			}
		},
		"folder": {
			"name": "Platform_DataSets"
		},
		"annotations": [],
		"type": "AzureSqlTable",
		"schema": []
	},
	"type": "Microsoft.DataFactory/factories/datasets"
}