{
	"name": "DS_Binary_Parameterized",
	"properties": {
		"linkedServiceName": {
			"referenceName": "LS_ADLS_Parameterized",
			"type": "LinkedServiceReference",
			"parameters": {
				"LS_ADLSStore": {
					"value": "@dataset().DS_ADLSStore",
					"type": "Expression"
				}
			}
		},
		"parameters": {
			"DS_ADLSStore": {
				"type": "string"
			},
			"DS_ADLS_Path": {
				"type": "string"
			},
			"DS_ADLS_ObjectName": {
				"type": "string"
			},
			"DS_ADLS_ContainerName": {
				"type": "string"
			}
		},
		"folder": {
			"name": "Platform_DataSets"
		},
		"annotations": [],
		"type": "Binary",
		"typeProperties": {
			"location": {
				"type": "AzureBlobFSLocation",
				"fileName": {
					"value": "@dataset().DS_ADLS_ObjectName",
					"type": "Expression"
				},
				"folderPath": {
					"value": "@dataset().DS_ADLS_Path",
					"type": "Expression"
				},
				"fileSystem": {
					"value": "@dataset().DS_ADLS_ContainerName",
					"type": "Expression"
				}
			}
		}
	},
	"type": "Microsoft.DataFactory/factories/datasets"
}