{
	"name": "PL_EnrUnharmToExternal_Parameterized_CPData",
	"properties": {
		"activities": [
			{
				"name": "META_CREATED_DTTM",
				"type": "SetVariable",
				"dependsOn": [],
				"policy": {
					"secureOutput": false,
					"secureInput": false
				},
				"userProperties": [],
				"typeProperties": {
					"variableName": "META_CREATED_DTTM",
					"value": {
						"value": "@if( or(equals(pipeline().parameters.meta_created_dttm, coalesce(null, null, null)), equals(trim(pipeline().parameters.meta_created_dttm), '') ), formatDateTime(utcnow(),'yyyy-MM-dd HH:mm:ss.fffffff'), pipeline().parameters.meta_created_dttm)",
						"type": "Expression"
					}
				}
			},
			{
				"name": "Lookup - Processing Log - ENR_UNHARM to ASDWH EXT Table",
				"type": "Lookup",
				"dependsOn": [
					{
						"activity": "META_CREATED_DTTM",
						"dependencyConditions": [
							"Succeeded"
						]
					}
				],
				"policy": {
					"timeout": "7.00:00:00",
					"retry": 0,
					"retryIntervalInSeconds": 30,
					"secureOutput": false,
					"secureInput": false
				},
				"userProperties": [],
				"typeProperties": {
					"source": {
						"type": "AzureSqlSource",
						"sqlReaderStoredProcedureName": "[cp_data].[usp_load_metadata_info]",
						"storedProcedureParameters": {
							"load_from_processing_log": {
								"type": "Int32",
								"value": "1"
							},
							"processing_log_source_layer_id": {
								"type": "Int32",
								"value": "4"
							},
							"processing_log_target_layer_id": {
								"type": "Int32",
								"value": "5"
							},
							"project_alias": {
								"type": "String",
								"value": {
									"value": "@pipeline().parameters.project_alias",
									"type": "Expression"
								}
							},
							"source_list": {
								"type": "String",
								"value": {
									"value": "@pipeline().parameters.source_list",
									"type": "Expression"
								}
							},
							"dataset_list": {
								"type": "String",
								"value": {
									"value": "@pipeline().parameters.dataset_list",
									"type": "Expression"
								}
							}
						},
						"queryTimeout": "02:00:00",
						"partitionOption": "None"
					},
					"dataset": {
						"referenceName": "DS_AzureSQL_CPData",
						"type": "DatasetReference",
						"parameters": {
							"SQLServerName": {
								"value": "@pipeline().globalParameters.SQLServerName",
								"type": "Expression"
							},
							"SQLDBName": {
								"value": "@pipeline().globalParameters.SQLDBName",
								"type": "Expression"
							},
							"SQLUserName": {
								"value": "@pipeline().globalParameters.SQLUserName",
								"type": "Expression"
							},
							"SQLUserSecretName": {
								"value": "@pipeline().globalParameters.SQLUserSecretName",
								"type": "Expression"
							}
						}
					},
					"firstRowOnly": false
				}
			},
			{
				"name": "Execute Copy Data Pipeline - ENR_UNHARM to ASDWH_EXT",
				"type": "ForEach",
				"dependsOn": [
					{
						"activity": "Filter non-empty project_id",
						"dependencyConditions": [
							"Succeeded"
						]
					}
				],
				"userProperties": [],
				"typeProperties": {
					"items": {
						"value": "@activity('Filter non-empty project_id').output.Value",
						"type": "Expression"
					},
					"batchCount": 5,
					"activities": [
						{
							"name": "Log Processing ADB EnrUnharm to ASDWH_EXT Tables-Failed",
							"type": "SqlServerStoredProcedure",
							"dependsOn": [
								{
									"activity": "Databricks - ENR_UNHARM to ASDWH_EXT Tables",
									"dependencyConditions": [
										"Failed"
									]
								}
							],
							"policy": {
								"timeout": "7.00:00:00",
								"retry": 0,
								"retryIntervalInSeconds": 30,
								"secureOutput": false,
								"secureInput": false
							},
							"userProperties": [],
							"typeProperties": {
								"storedProcedureName": "[cp_data].[update_load_status]",
								"storedProcedureParameters": {
									"Batch_id": {
										"value": {
											"value": "@pipeline().RunId",
											"type": "Expression"
										},
										"type": "String"
									},
									"Databytes_read": {
										"value": "0",
										"type": "Double"
									},
									"Load_end_date": {
										"value": {
											"value": "@formatDateTime(utcnow(),'yyyy-MM-dd HH:mm:ss')",
											"type": "Expression"
										},
										"type": "DateTime"
									},
									"Load_status": {
										"value": "Failed",
										"type": "String"
									},
									"Load_status_id": {
										"value": {
											"value": "@item().load_status_id",
											"type": "Expression"
										},
										"type": "Int32"
									},
									"Modified_by": {
										"value": "ADF",
										"type": "String"
									},
									"Modified_date": {
										"value": {
											"value": "@pipeline().TriggerTime",
											"type": "Expression"
										},
										"type": "DateTime"
									},
									"Project_id": {
										"value": {
											"value": "@item().project_id",
											"type": "Expression"
										},
										"type": "Int32"
									},
									"Source_Dataset": {
										"value": {
											"value": "@item().source_dataset",
											"type": "Expression"
										},
										"type": "String"
									},
									"Source_layer_id": {
										"value": "3",
										"type": "Int32"
									},
									"Source_record_count": {
										"value": "0",
										"type": "Int32"
									},
									"Status_description": {
										"value": {
											"value": "@concat(activity('Databricks - ENR_UNHARM to ASDWH_EXT Tables').output.runError, '  ', activity('Databricks - ENR_UNHARM to ASDWH_EXT Tables').output.runPageUrl)",
											"type": "Expression"
										},
										"type": "String"
									},
									"Target_Dataset": {
										"value": {
											"value": "@replace(item().dataset, 'avro', 'parquet')",
											"type": "Expression"
										},
										"type": "String"
									},
									"Target_layer_id": {
										"value": "4",
										"type": "Int32"
									},
									"Target_record_count": {
										"value": "0",
										"type": "Int32"
									},
									"Source_id": {
										"value": {
											"value": "@item().source_id",
											"type": "Expression"
										},
										"type": "Int32"
									}
								}
							},
							"linkedServiceName": {
								"referenceName": "LS_SQLDB_CPData",
								"type": "LinkedServiceReference",
								"parameters": {
									"LS_SQLServerName": {
										"value": "@pipeline().globalParameters.SQLServerName",
										"type": "Expression"
									},
									"LS_SQLDBName": {
										"value": "@pipeline().globalParameters.SQLDBName",
										"type": "Expression"
									},
									"LS_SQLUserName": {
										"value": "@pipeline().globalParameters.SQLUserName",
										"type": "Expression"
									},
									"LS_SQLUserSecretName": {
										"value": "@pipeline().globalParameters.SQLUserSecretName",
										"type": "Expression"
									}
								}
							}
						},
						{
							"name": "Databricks - ENR_UNHARM to ASDWH_EXT Tables",
							"type": "DatabricksNotebook",
							"dependsOn": [],
							"policy": {
								"timeout": "7.00:00:00",
								"retry": 0,
								"retryIntervalInSeconds": 30,
								"secureOutput": false,
								"secureInput": false
							},
							"userProperties": [],
							"typeProperties": {
								"notebookPath": "/Shared/CP_Data/EnrUnharm_to_SqlDwh/enr_unharm_to_dwh_external_tables",
								"baseParameters": {
									"enr_unharm_file_path": {
										"value": "@if(equals(toLower(item().source_name), 'saphana'),\n\tconcat('PROJECT/', replace(replace(replace(replace(replace(trim(item().config_adls_enriched_unharmonised_path), '##source_environment##', toUpper(trim(item().source_environment))), '##source_name##', toUpper(trim(item().source_name))), '##config_data_classification##', toUpper(trim(item().config_data_classification))), '##source_data_category##', toUpper(trim(item().source_data_category))),'##config_environment##', item().config_environment), '/', trim(item().config_source_schema), '.', split(trim(item().dataset), '/')[1], '/')\n,   \n\tif(and( not( equals(item().config_adls_enr_unharm_path_override, coalesce(null, null, null)) ), not( empty(item().config_adls_enr_unharm_path_override) )             ),\n\t\tconcat('PROJECT/', replace(replace(replace(replace(replace(replace(replace(item().config_adls_enr_unharm_path_override, '##source_name##', toUpper(trim(item().source_name))), '##config_data_hub##', toUpper(trim(item().config_data_hub))), '##source_environment##', toUpper(trim(item().source_environment))), '##source_environment_type##', toUpper(trim(item().source_environment_type))), '##config_source_schema##', toUpper(trim(item().config_source_schema))), '##dataset##', toUpper(trim(item().dataset))),'##config_environment##', toUpper(trim(item().config_environment))), '/', trim(item().config_source_schema), '.', trim(item().dataset), '/')\n\t,\n\t\tconcat('PROJECT/', replace(replace(replace(replace(replace(trim(item().config_adls_enriched_unharmonised_path), '##source_environment##', toUpper(trim(item().source_environment))), '##source_name##', toUpper(trim(item().source_name))), '##config_data_classification##', toUpper(trim(item().config_data_classification))), '##source_data_category##', toUpper(trim(item().source_data_category))),'##config_environment##', item().config_environment), '/', trim(item().config_source_schema), '.', trim(item().dataset), '/')\n\t)\n)",
										"type": "Expression"
									},
									"source_id": {
										"value": "@string(item().source_id)",
										"type": "Expression"
									},
									"enr_unharm_file_name": {
										"value": "@if(equals(toLower(item().config_adls_landing_file_format), 'excel'), \n\treplace(item().config_source_dataset_mask, '.xlsx', '.parquet')\n,\n\titem().source_dataset\n)",
										"type": "Expression"
									},
									"project_id": {
										"value": "@string(item().project_id)",
										"type": "Expression"
									},
									"source_type": {
										"value": "@item().source_type",
										"type": "Expression"
									},
									"dataset": {
										"value": "@item().dataset",
										"type": "Expression"
									},
									"external_table_schema": {
										"value": "@item().config_dwh_schema",
										"type": "Expression"
									},
									"alds_enriched_unharmonised_file_format": {
										"value": "@item().config_alds_enriched_unharmonised_file_format",
										"type": "Expression"
									},
									"external_table_name": {
										"value": "@item().config_dwh_ext_table_name",
										"type": "Expression"
									},
									"scd_type": {
										"value": "@item().config_scd_type",
										"type": "Expression"
									},
									"enable_databricks_delta": {
										"value": "@item().config_enable_databricks_delta",
										"type": "Expression"
									}
								}
							},
							"linkedServiceName": {
								"referenceName": "LS_Databricks_CPData",
								"type": "LinkedServiceReference",
								"parameters": {
									"DB_Workspace": {
										"value": "@pipeline().globalParameters.DB_Workspace",
										"type": "Expression"
									},
									"DB_SecretName": {
										"value": "@pipeline().globalParameters.DB_SecretName",
										"type": "Expression"
									},
									"DB_ClusterID": {
										"value": "@pipeline().globalParameters.DB_ClusterID",
										"type": "Expression"
									}
								}
							}
						},
						{
							"name": "If External Table was created",
							"type": "IfCondition",
							"dependsOn": [
								{
									"activity": "If external table query is not empty",
									"dependencyConditions": [
										"Succeeded"
									]
								}
							],
							"userProperties": [],
							"typeProperties": {
								"expression": {
									"value": "@or(\nequals(toLower(activity('Databricks - ENR_UNHARM to ASDWH_EXT Tables').output.runOutput.status), 'succeeded')\n, equals(toLower(activity('Databricks - ENR_UNHARM to ASDWH_EXT Tables').output.runOutput.status), 'success')\n)",
									"type": "Expression"
								},
								"ifTrueActivities": [
									{
										"name": "Insert Log Processing - ENRICHED UNHARMONISED to DWH",
										"type": "SqlServerStoredProcedure",
										"dependsOn": [],
										"policy": {
											"timeout": "7.00:00:00",
											"retry": 0,
											"retryIntervalInSeconds": 30,
											"secureOutput": false,
											"secureInput": false
										},
										"userProperties": [],
										"typeProperties": {
											"storedProcedureName": "[cp_data].[insert_load_status]",
											"storedProcedureParameters": {
												"Batch_id": {
													"value": {
														"value": "@pipeline().RunId",
														"type": "Expression"
													},
													"type": "String"
												},
												"Created_by": {
													"value": "ADF",
													"type": "String"
												},
												"Created_date": {
													"value": {
														"value": "@pipeline().TriggerTime",
														"type": "Expression"
													},
													"type": "DateTime"
												},
												"Load_start_time": {
													"value": {
														"value": "@pipeline().TriggerTime",
														"type": "Expression"
													},
													"type": "DateTime"
												},
												"Load_status": {
													"value": "New",
													"type": "String"
												},
												"Project_id": {
													"value": {
														"value": "@item().project_id",
														"type": "Expression"
													},
													"type": "Int32"
												},
												"Source_Dataset": {
													"value": {
														"value": "@replace(item().source_dataset, 'avro', 'parquet')",
														"type": "Expression"
													},
													"type": "String"
												},
												"Source_layer_id": {
													"value": "5",
													"type": "Int32"
												},
												"Target_layer_id": {
													"value": "6",
													"type": "Int32"
												},
												"Dataset": {
													"value": {
														"value": "@item().dataset",
														"type": "Expression"
													},
													"type": "String"
												},
												"Source_id": {
													"value": {
														"value": "@item().source_id",
														"type": "Expression"
													},
													"type": "Int32"
												},
												"load_type": {
													"value": {
														"value": "@item().config_src_load_type",
														"type": "Expression"
													},
													"type": "String"
												}
											}
										},
										"linkedServiceName": {
											"referenceName": "LS_SQLDB_CPData",
											"type": "LinkedServiceReference",
											"parameters": {
												"LS_SQLServerName": {
													"value": "@pipeline().globalParameters.SQLServerName",
													"type": "Expression"
												},
												"LS_SQLDBName": {
													"value": "@pipeline().globalParameters.SQLDBName",
													"type": "Expression"
												},
												"LS_SQLUserName": {
													"value": "@pipeline().globalParameters.SQLUserName",
													"type": "Expression"
												},
												"LS_SQLUserSecretName": {
													"value": "@pipeline().globalParameters.SQLUserSecretName",
													"type": "Expression"
												}
											}
										}
									}
								]
							}
						},
						{
							"name": "If external table query is not empty",
							"type": "IfCondition",
							"dependsOn": [
								{
									"activity": "Databricks - ENR_UNHARM to ASDWH_EXT Tables",
									"dependencyConditions": [
										"Succeeded"
									]
								}
							],
							"userProperties": [],
							"typeProperties": {
								"expression": {
									"value": "@not(empty(activity('Databricks - ENR_UNHARM to ASDWH_EXT Tables').output.runOutput.ExternalTableDDL))",
									"type": "Expression"
								},
								"ifTrueActivities": [
									{
										"name": "Log Processing ENR_Unharm to ASDWH_EXT Tables - Failed",
										"type": "SqlServerStoredProcedure",
										"dependsOn": [
											{
												"activity": "ExecuteExternalTableQuery",
												"dependencyConditions": [
													"Failed"
												]
											}
										],
										"policy": {
											"timeout": "7.00:00:00",
											"retry": 0,
											"retryIntervalInSeconds": 30,
											"secureOutput": false,
											"secureInput": false
										},
										"userProperties": [],
										"typeProperties": {
											"storedProcedureName": "[cp_data].[update_load_status]",
											"storedProcedureParameters": {
												"Batch_id": {
													"value": {
														"value": "@pipeline().RunId",
														"type": "Expression"
													},
													"type": "String"
												},
												"Databytes_read": {
													"value": "0",
													"type": "Double"
												},
												"Load_end_date": {
													"value": {
														"value": "@formatDateTime(utcnow(),'yyyy-MM-dd HH:mm:ss')",
														"type": "Expression"
													},
													"type": "DateTime"
												},
												"Load_status": {
													"value": "Failed",
													"type": "String"
												},
												"Load_status_id": {
													"value": {
														"value": "@item().load_status_id",
														"type": "Expression"
													},
													"type": "Int32"
												},
												"Modified_by": {
													"value": "ADF",
													"type": "String"
												},
												"Modified_date": {
													"value": {
														"value": "@pipeline().TriggerTime",
														"type": "Expression"
													},
													"type": "DateTime"
												},
												"Project_id": {
													"value": {
														"value": "@item().project_id",
														"type": "Expression"
													},
													"type": "Int32"
												},
												"Source_Dataset": {
													"value": {
														"value": "@item().source_dataset",
														"type": "Expression"
													},
													"type": "String"
												},
												"Source_layer_id": {
													"value": "3",
													"type": "Int32"
												},
												"Source_record_count": {
													"value": "0",
													"type": "Int32"
												},
												"Status_description": {
													"value": {
														"value": "@activity('Databricks - ENR_UNHARM to ASDWH_EXT Tables').output.runOutput.Message",
														"type": "Expression"
													},
													"type": "String"
												},
												"Target_Dataset": {
													"value": {
														"value": "@replace(item().dataset, 'avro', 'parquet')",
														"type": "Expression"
													},
													"type": "String"
												},
												"Target_layer_id": {
													"value": "4",
													"type": "Int32"
												},
												"Target_record_count": {
													"value": "0",
													"type": "Int32"
												},
												"Source_id": {
													"value": {
														"value": "@item().source_id",
														"type": "Expression"
													},
													"type": "Int32"
												}
											}
										},
										"linkedServiceName": {
											"referenceName": "LS_SQLDB_CPData",
											"type": "LinkedServiceReference",
											"parameters": {
												"LS_SQLServerName": {
													"value": "@pipeline().globalParameters.SQLServerName",
													"type": "Expression"
												},
												"LS_SQLDBName": {
													"value": "@pipeline().globalParameters.SQLDBName",
													"type": "Expression"
												},
												"LS_SQLUserName": {
													"value": "@pipeline().globalParameters.SQLUserName",
													"type": "Expression"
												},
												"LS_SQLUserSecretName": {
													"value": "@pipeline().globalParameters.SQLUserSecretName",
													"type": "Expression"
												}
											}
										}
									},
									{
										"name": "Log Processing LandingToRaw- Success_copy1",
										"type": "SqlServerStoredProcedure",
										"dependsOn": [
											{
												"activity": "ExecuteExternalTableQuery",
												"dependencyConditions": [
													"Succeeded"
												]
											}
										],
										"policy": {
											"timeout": "7.00:00:00",
											"retry": 0,
											"retryIntervalInSeconds": 30,
											"secureOutput": false,
											"secureInput": false
										},
										"userProperties": [],
										"typeProperties": {
											"storedProcedureName": "[cp_data].[update_load_status]",
											"storedProcedureParameters": {
												"Batch_id": {
													"value": {
														"value": "@pipeline().RunId",
														"type": "Expression"
													},
													"type": "String"
												},
												"Databytes_read": {
													"value": "0",
													"type": "Double"
												},
												"Load_end_date": {
													"value": {
														"value": "@formatDateTime(utcnow(),'yyyy-MM-dd HH:mm:ss')",
														"type": "Expression"
													},
													"type": "DateTime"
												},
												"Load_status": {
													"value": "Success",
													"type": "String"
												},
												"Load_status_id": {
													"value": {
														"value": "@item().load_status_id",
														"type": "Expression"
													},
													"type": "Int32"
												},
												"Modified_by": {
													"value": "ADF",
													"type": "String"
												},
												"Modified_date": {
													"value": {
														"value": "@pipeline().TriggerTime",
														"type": "Expression"
													},
													"type": "DateTime"
												},
												"Project_id": {
													"value": {
														"value": "@item().project_id",
														"type": "Expression"
													},
													"type": "Int32"
												},
												"Source_Dataset": {
													"value": {
														"value": "@item().source_dataset",
														"type": "Expression"
													},
													"type": "String"
												},
												"Source_layer_id": {
													"value": "3",
													"type": "Int32"
												},
												"Source_record_count": {
													"value": "0",
													"type": "Int32"
												},
												"Status_description": {
													"value": "Pipeline succeeded",
													"type": "String"
												},
												"Target_Dataset": {
													"value": {
														"value": "@replace(item().dataset, 'avro', 'parquet')",
														"type": "Expression"
													},
													"type": "String"
												},
												"Target_layer_id": {
													"value": "4",
													"type": "Int32"
												},
												"Target_record_count": {
													"value": "0",
													"type": "Int32"
												},
												"Source_id": {
													"value": {
														"value": "@item().source_id",
														"type": "Expression"
													},
													"type": "Int32"
												}
											}
										},
										"linkedServiceName": {
											"referenceName": "LS_SQLDB_CPData",
											"type": "LinkedServiceReference",
											"parameters": {
												"LS_SQLServerName": {
													"value": "@pipeline().globalParameters.SQLServerName",
													"type": "Expression"
												},
												"LS_SQLDBName": {
													"value": "@pipeline().globalParameters.SQLDBName",
													"type": "Expression"
												},
												"LS_SQLUserName": {
													"value": "@pipeline().globalParameters.SQLUserName",
													"type": "Expression"
												},
												"LS_SQLUserSecretName": {
													"value": "@pipeline().globalParameters.SQLUserSecretName",
													"type": "Expression"
												}
											}
										}
									},
									{
										"name": "ExecuteExternalTableQuery",
										"type": "Lookup",
										"dependsOn": [],
										"policy": {
											"timeout": "7.00:00:00",
											"retry": 0,
											"retryIntervalInSeconds": 30,
											"secureOutput": false,
											"secureInput": false
										},
										"userProperties": [],
										"typeProperties": {
											"source": {
												"type": "SqlDWSource",
												"sqlReaderQuery": {
													"value": "@if(not(equals(activity('Databricks - ENR_UNHARM to ASDWH_EXT Tables').output.runOutput.ExternalTableDDL,coalesce(null, null, null))),\n\tconcat(activity('Databricks - ENR_UNHARM to ASDWH_EXT Tables').output.runOutput.ExternalTableDDL,'SELECT NULL')\n,\n\t'SELECT NULL'\n)",
													"type": "Expression"
												},
												"queryTimeout": "02:00:00",
												"partitionOption": "None"
											},
											"dataset": {
												"referenceName": "DS_ASDWH_Parameterised",
												"type": "DatasetReference",
												"parameters": {
													"schema_name": {
														"value": "@item().config_dwh_schema",
														"type": "Expression"
													},
													"table_name": {
														"value": "@item().config_dwh_ext_table_name",
														"type": "Expression"
													},
													"server_name": {
														"value": "@item().config_sql_dwh_server",
														"type": "Expression"
													},
													"database_name": {
														"value": "@item().config_sql_dwh_database",
														"type": "Expression"
													},
													"user_name": {
														"value": "@item().config_sql_dwh_username",
														"type": "Expression"
													},
													"keyvault_name": {
														"value": "@item().config_sql_dwh_azure_kv_secret_name",
														"type": "Expression"
													}
												}
											}
										}
									}
								]
							}
						}
					]
				}
			},
			{
				"name": "Filter non-empty project_id",
				"type": "Filter",
				"dependsOn": [
					{
						"activity": "Lookup - Processing Log - ENR_UNHARM to ASDWH EXT Table",
						"dependencyConditions": [
							"Succeeded"
						]
					}
				],
				"userProperties": [],
				"typeProperties": {
					"items": {
						"value": "@activity('Lookup - Processing Log - ENR_UNHARM to ASDWH EXT Table').output.value",
						"type": "Expression"
					},
					"condition": {
						"value": "@greater(int(item()?.project_id), 0)",
						"type": "Expression"
					}
				}
			}
		],
		"parameters": {
			"project_alias": {
				"type": "string"
			},
			"source_list": {
				"type": "string"
			},
			"dataset_list": {
				"type": "string"
			},
			"meta_created_dttm": {
				"type": "string"
			},
			"DB_Workspace": {
				"type": "string"
			},
			"DB_SecretName": {
				"type": "string"
			},
			"DB_ClusterID": {
				"type": "string"
			},
			"SQLServerName": {
				"type": "String"
			},
			"SQLDBName": {
				"type": "String"
			},
			"SQLUserName": {
				"type": "String"
			},
			"SQLUserSecretName": {
				"type": "String"
			}
		},
		"variables": {
			"META_CREATED_DTTM": {
				"type": "String"
			}
		},
		"folder": {
			"name": "CP Data"
		},
		"annotations": [],
		"lastPublishTime": "2023-03-31T05:12:56Z"
	},
	"type": "Microsoft.DataFactory/factories/pipelines"
}