{
	"name": "PL_LandingToUnharm_Parameterized_CPData",
	"properties": {
		"activities": [
			{
				"name": "Lookup-DatasetSeqNumber",
				"type": "Lookup",
				"dependsOn": [],
				"policy": {
					"timeout": "7.00:00:00",
					"retry": 0,
					"retryIntervalInSeconds": 30,
					"secureOutput": false,
					"secureInput": false
				},
				"userProperties": [],
				"typeProperties": {
					"source": {
						"type": "AzureSqlSource",
						"sqlReaderStoredProcedureName": "[cp_data].[usp_load_seq_no]",
						"storedProcedureParameters": {
							"dataset_list": {
								"type": "String",
								"value": {
									"value": "@pipeline().parameters.dataset_list",
									"type": "Expression"
								}
							},
							"project_alias": {
								"type": "String",
								"value": {
									"value": "@pipeline().parameters.project_alias",
									"type": "Expression"
								}
							},
							"source_list": {
								"type": "String",
								"value": {
									"value": "@pipeline().parameters.source_list",
									"type": "Expression"
								}
							},
							"source_list_variant": {
								"type": "String",
								"value": {
									"value": "@pipeline().parameters.source_list_variant",
									"type": "Expression"
								}
							}
						},
						"queryTimeout": "02:00:00",
						"partitionOption": "None"
					},
					"dataset": {
						"referenceName": "DS_AzureSQL_CPData",
						"type": "DatasetReference",
						"parameters": {
							"SQLServerName": {
								"value": "@pipeline().globalParameters.SQLServerName",
								"type": "Expression"
							},
							"SQLDBName": {
								"value": "@pipeline().globalParameters.SQLDBName",
								"type": "Expression"
							},
							"SQLUserName": {
								"value": "@pipeline().globalParameters.SQLUserName",
								"type": "Expression"
							},
							"SQLUserSecretName": {
								"value": "@pipeline().globalParameters.SQLUserSecretName",
								"type": "Expression"
							}
						}
					},
					"firstRowOnly": false
				}
			},
			{
				"name": "ForEachDistinctSeqNo",
				"type": "ForEach",
				"dependsOn": [
					{
						"activity": "Lookup-DatasetSeqNumber",
						"dependencyConditions": [
							"Succeeded"
						]
					}
				],
				"userProperties": [],
				"typeProperties": {
					"items": {
						"value": "@activity('Lookup-DatasetSeqNumber').output.value",
						"type": "Expression"
					},
					"isSequential": true,
					"activities": [
						{
							"name": "Execute Pipeline LandToRaw",
							"type": "ExecutePipeline",
							"dependsOn": [],
							"policy": {
								"secureInput": false
							},
							"userProperties": [],
							"typeProperties": {
								"pipeline": {
									"referenceName": "PL_LandingToRaw_Parameterized_CPData",
									"type": "PipelineReference"
								},
								"waitOnCompletion": true,
								"parameters": {
									"project_alias": {
										"value": "@pipeline().parameters.project_alias",
										"type": "Expression"
									},
									"source_list": {
										"value": "@pipeline().parameters.source_list",
										"type": "Expression"
									},
									"dataset_list": {
										"value": "@pipeline().parameters.dataset_list",
										"type": "Expression"
									},
									"META_CREATED_DTTM": {
										"value": "@pipeline().parameters.meta_created_dttm",
										"type": "Expression"
									},
									"RunID": {
										"value": "@pipeline().parameters.RunID",
										"type": "Expression"
									},
									"source_list_variant": {
										"value": "@pipeline().parameters.source_list_variant",
										"type": "Expression"
									},
									"dataset_seq_no": {
										"value": "@replace(replace(split(string(item()), ':')[1], '\"',''),'}','')",
										"type": "Expression"
									},
									"event_id": {
										"value": "@pipeline().parameters.event_id",
										"type": "Expression"
									}
								}
							}
						},
						{
							"name": "Execute Pipeline RawToUnharm",
							"type": "ExecutePipeline",
							"dependsOn": [
								{
									"activity": "Execute Pipeline LandToRaw",
									"dependencyConditions": [
										"Succeeded"
									]
								}
							],
							"policy": {
								"secureInput": false
							},
							"userProperties": [],
							"typeProperties": {
								"pipeline": {
									"referenceName": "PL_RawToUnharm_Parameterized_CPData",
									"type": "PipelineReference"
								},
								"waitOnCompletion": true,
								"parameters": {
									"project_alias": {
										"value": "@pipeline().parameters.project_alias",
										"type": "Expression"
									},
									"source_list": {
										"value": "@pipeline().parameters.source_list",
										"type": "Expression"
									},
									"dataset_list": {
										"value": "@pipeline().parameters.dataset_list",
										"type": "Expression"
									},
									"META_CREATED_DTTM": {
										"value": "@pipeline().parameters.meta_created_dttm",
										"type": "Expression"
									},
									"RunID": {
										"value": "@pipeline().parameters.RunID",
										"type": "Expression"
									},
									"source_list_variant": {
										"value": "@pipeline().parameters.source_list_variant",
										"type": "Expression"
									},
									"dataset_seq_no": {
										"value": "@replace(replace(split(string(item()), ':')[1], '\"',''),'}','')",
										"type": "Expression"
									},
									"event_id": {
										"value": "@pipeline().parameters.event_id",
										"type": "Expression"
									}
								}
							}
						}
					]
				}
			}
		],
		"parameters": {
			"project_alias": {
				"type": "string"
			},
			"source_list": {
				"type": "string"
			},
			"dataset_list": {
				"type": "string"
			},
			"meta_created_dttm": {
				"type": "string"
			},
			"DB_Workspace": {
				"type": "string"
			},
			"DB_SecretName": {
				"type": "string"
			},
			"DB_ClusterID": {
				"type": "string"
			},
			"SQLServerName": {
				"type": "String"
			},
			"SQLDBName": {
				"type": "String"
			},
			"SQLUserName": {
				"type": "String"
			},
			"SQLUserSecretName": {
				"type": "String"
			},
			"RunID": {
				"type": "string"
			},
			"SQLDwActivationFlag": {
				"type": "string"
			},
			"source_list_variant": {
				"type": "string"
			},
			"event_id": {
				"type": "string"
			}
		},
		"folder": {
			"name": "CP Data"
		},
		"annotations": [],
		"lastPublishTime": "2023-10-25T09:17:20Z"
	},
	"type": "Microsoft.DataFactory/factories/pipelines"
}