{
	"name": "PL_LandingToRaw_Parameterized_CPData",
	"properties": {
		"activities": [
			{
				"name": "Lookup - Processing Log - LAND to RAW",
				"type": "Lookup",
				"dependsOn": [],
				"policy": {
					"timeout": "7.00:00:00",
					"retry": 0,
					"retryIntervalInSeconds": 30,
					"secureOutput": false,
					"secureInput": false
				},
				"userProperties": [],
				"typeProperties": {
					"source": {
						"type": "AzureSqlSource",
						"sqlReaderStoredProcedureName": "[cp_data].[usp_load_metadata_info]",
						"storedProcedureParameters": {
							"load_from_processing_log": {
								"type": "Int32",
								"value": "1"
							},
							"processing_log_source_layer_id": {
								"type": "Int32",
								"value": "2"
							},
							"processing_log_target_layer_id": {
								"type": "Int32",
								"value": "3"
							},
							"project_alias": {
								"type": "String",
								"value": {
									"value": "@pipeline().parameters.project_alias",
									"type": "Expression"
								}
							},
							"source_list": {
								"type": "String",
								"value": {
									"value": "@pipeline().parameters.source_list",
									"type": "Expression"
								}
							},
							"dataset_list": {
								"type": "String",
								"value": {
									"value": "@pipeline().parameters.dataset_list",
									"type": "Expression"
								}
							},
							"source_list_variant": {
								"type": "String",
								"value": {
									"value": "@pipeline().parameters.source_list_variant",
									"type": "Expression"
								}
							},
							"dataset_seq_no": {
								"type": "String",
								"value": {
									"value": "@pipeline().parameters.dataset_seq_no",
									"type": "Expression"
								}
							}
						},
						"queryTimeout": "02:00:00",
						"partitionOption": "None"
					},
					"dataset": {
						"referenceName": "DS_AzureSQL_CPData",
						"type": "DatasetReference",
						"parameters": {
							"SQLServerName": {
								"value": "@pipeline().globalParameters.SQLServerName",
								"type": "Expression"
							},
							"SQLDBName": {
								"value": "@pipeline().globalParameters.SQLDBName",
								"type": "Expression"
							},
							"SQLUserName": {
								"value": "@pipeline().globalParameters.SQLUserName",
								"type": "Expression"
							},
							"SQLUserSecretName": {
								"value": "@pipeline().globalParameters.SQLUserSecretName",
								"type": "Expression"
							}
						}
					},
					"firstRowOnly": false
				}
			},
			{
				"name": "Execute Copy Data Pipeline - LAND- RAW",
				"type": "ForEach",
				"dependsOn": [
					{
						"activity": "Filter AVRO dataset - Landing",
						"dependencyConditions": [
							"Succeeded"
						]
					}
				],
				"userProperties": [],
				"typeProperties": {
					"items": {
						"value": "@activity('Filter AVRO dataset - Landing').output.Value",
						"type": "Expression"
					},
					"batchCount": 20,
					"activities": [
						{
							"name": "Invoke-Databricks and Logging",
							"type": "Switch",
							"dependsOn": [],
							"userProperties": [],
							"typeProperties": {
								"on": {
									"value": "@coalesce(toUpper(item().cluster_type),string('INTERACTIVE'))",
									"type": "Expression"
								},
								"cases": [
									{
										"value": "JOB",
										"activities": [
											{
												"name": "Databricks - LAND to RAW_JobCluster",
												"type": "DatabricksNotebook",
												"dependsOn": [],
												"policy": {
													"timeout": "7.00:00:00",
													"retry": 0,
													"retryIntervalInSeconds": 30,
													"secureOutput": false,
													"secureInput": false
												},
												"userProperties": [],
												"typeProperties": {
													"notebookPath": "/Shared/CP_Data/Land_to_Raw/landing_to_raw",
													"baseParameters": {
														"project_id": {
															"value": "@string(item().project_id)",
															"type": "Expression"
														},
														"source_id": {
															"value": "@string(item().source_id)",
															"type": "Expression"
														},
														"dataset": {
															"value": "@item().dataset",
															"type": "Expression"
														},
														"primary_keys": {
															"value": "@item().config_primary_keys",
															"type": "Expression"
														},
														"land_file_path": {
															"value": "@if(and(and( not( equals(item().config_adls_landing_path_override, coalesce(null, null, null)) ), not( empty(item().config_adls_landing_path_override) ) ),\n\t\tequals(toLower(item().source_name), 'saphana')),\n\t\tconcat('RAW/', replace(replace(replace(replace(item().config_adls_landing_path_override, '##source_name##', toUpper(item().source_name)),\n\t\t'##config_data_hub##', toUpper(item().config_data_hub)),'##config_environment##', toUpper(item().config_environment)),\n\t\t'##source_environment_type##', toUpper(item().source_environment_type)),\n\t\t'/', trim(item().config_source_schema),\n\t\t'.', split(trim(item().dataset), '/')[1])\n,\n\t\tif(equals(toLower(item().source_name), 'saphana'),\n\tconcat('RAW/', replace(replace(replace(item().config_adls_landing_path, '##source_environment##', toUpper(item().source_environment)), \n\t'##source_name##', toUpper(item().source_name)),'##config_environment##', \n\titem().config_environment), '/', item().config_source_schema, '.', split(item().dataset, '/')[1])\n\t,\n\t      if(and( not( equals(item().config_adls_landing_path_override, coalesce(null, null, null)) ), not( empty(item().config_adls_landing_path_override) ) ),\n\t\t    concat('RAW/', replace(replace(replace(replace(item().config_adls_landing_path_override, '##source_name##', toUpper(item().source_name)),\n\t\t    '##config_data_hub##', toUpper(item().config_data_hub)),'##config_environment##', toUpper(item().config_environment)),\n\t\t    '##source_environment_type##', toUpper(item().source_environment_type)),\n\t\t    '/', trim(item().config_source_schema),\n\t\t    '.', trim(item().dataset))\n\t\t,\n\t\t    \n\t\t    concat('RAW/', replace(replace(replace(item().config_adls_landing_path, '##source_environment##', toUpper(item().source_environment)),\n\t\t    '##source_name##', toUpper(item().source_name)),'##config_environment##', \n\t\t    item().config_environment), '/', item().config_source_schema, '.', item().dataset)\n\t    )\n\t)\n)",
															"type": "Expression"
														},
														"land_file_name": {
															"value": "@item().source_dataset",
															"type": "Expression"
														},
														"raw_file_path": {
															"value": "@if(and(and( not( equals(item().config_adls_raw_path_override, coalesce(null, null, null)) ), not( empty(item().config_adls_raw_path_override) ) ),\n\t\tequals(toLower(item().source_name), 'saphana')),\n\t\tconcat('PROJECT/', replace(replace(replace(replace(item().config_adls_raw_path_override, '##source_name##', toUpper(item().source_name)),\n\t\t'##config_data_hub##', toUpper(item().config_data_hub)),'##config_environment##', toUpper(item().config_environment)),\n\t\t'##source_environment_type##', toUpper(item().source_environment_type)),\n\t\t'/', trim(item().config_source_schema),\n\t\t'.', split(trim(item().dataset), '/')[1])\n,\n\t\tif(equals(toLower(item().source_name), 'saphana'),\n\t       concat('PROJECT/', replace(replace(replace(replace(replace(trim(item().config_adls_raw_path), '##source_environment##', toUpper(trim(item().source_environment))), '##source_name##', toUpper(trim(item().source_name))), '##config_data_classification##', toUpper(trim(item().config_data_classification))), '##source_data_category##', toUpper(trim(item().source_data_category))),'##config_environment##', item().config_environment), '/', trim(item().config_source_schema), '.', split(trim(item().dataset), '/')[1])\n\t,\n\t      if(and( not( equals(item().config_adls_raw_path_override, coalesce(null, null, null)) ), not( empty(item().config_adls_raw_path_override) ) ),\n\t\t    concat('PROJECT/', replace(replace(replace(replace(item().config_adls_raw_path_override, '##source_name##', toUpper(item().source_name)),\n\t\t    '##config_data_hub##', toUpper(item().config_data_hub)),'##config_environment##', toUpper(item().config_environment)),\n\t\t    '##source_environment_type##', toUpper(item().source_environment_type)),\n\t\t    '/', trim(item().config_source_schema),\n\t\t    '.', trim(item().dataset))\n\t\t,\n\t\t    \n\t\t    concat('PROJECT/', replace(replace(replace(replace(replace(trim(item().config_adls_raw_path), '##source_environment##', toUpper(trim(item().source_environment))), '##source_name##', toUpper(trim(item().source_name))), '##config_data_classification##', toUpper(trim(item().config_data_classification))), '##source_data_category##', toUpper(trim(item().source_data_category))),'##config_environment##', item().config_environment), '/', trim(item().config_source_schema), '.', trim(item().dataset))\n\t    )\n\t)\n)",
															"type": "Expression"
														},
														"raw_file_name": {
															"value": "@replace(item().source_dataset, 'avro', 'parquet')",
															"type": "Expression"
														}
													}
												},
												"linkedServiceName": {
													"referenceName": "LS_Databricks_JobCluster_Parameterized",
													"type": "LinkedServiceReference",
													"parameters": {
														"DB_Workspace": {
															"value": "@pipeline().globalParameters.DB_Workspace",
															"type": "Expression"
														},
														"DB_Spark_Version": {
															"value": "@item().spark_version",
															"type": "Expression"
														},
														"DB_Worker_Node_type": {
															"value": "@item().worker_node_type",
															"type": "Expression"
														},
														"DB_Worker_Autoscale": {
															"value": "@item().worker_autoscale",
															"type": "Expression"
														},
														"DB_SERVER": {
															"value": "@pipeline().globalParameters.SQLServerName",
															"type": "Expression"
														},
														"DB_DATABASE": {
															"value": "@pipeline().globalParameters.SQLDBName",
															"type": "Expression"
														},
														"DB_USER": {
															"value": "@pipeline().globalParameters.SQLUserName_ADB",
															"type": "Expression"
														},
														"SCOPE_NAME": {
															"value": "@pipeline().globalParameters.KVScopeName",
															"type": "Expression"
														},
														"ADLS_KEY": {
															"value": "@pipeline().globalParameters.ADLS_KVSecretName",
															"type": "Expression"
														},
														"ADLS_CLIENT_ID": {
															"value": "@pipeline().globalParameters.ADLS_SPN_ClientID",
															"type": "Expression"
														},
														"DB_SecretName": {
															"value": "@pipeline().globalParameters.DB_SecretName",
															"type": "Expression"
														},
														"Source_Name": {
															"value": "@item().source_name",
															"type": "Expression"
														},
														"Source_Type": {
															"value": "@item().source_type",
															"type": "Expression"
														},
														"Source_Onprem_Cloud": {
															"value": "@item().source_onprem_cloud",
															"type": "Expression"
														},
														"Source_Name_Variant": {
															"value": "@item().source_name_variant",
															"type": "Expression"
														},
														"Config_Src_Load_Type": {
															"value": "@item().config_src_load_type",
															"type": "Expression"
														},
														"Dataset": {
															"value": "@item().dataset",
															"type": "Expression"
														},
														"Cluster_Type": {
															"value": "@item().cluster_type",
															"type": "Expression"
														},
														"DB_Driver_Node_type": {
															"value": "@item().driver_node_type",
															"type": "Expression"
														}
													}
												}
											},
											{
												"name": "Log Processing LandingToRaw-Success_Job",
												"type": "SqlServerStoredProcedure",
												"dependsOn": [
													{
														"activity": "Databricks - LAND to RAW_JobCluster",
														"dependencyConditions": [
															"Succeeded"
														]
													}
												],
												"policy": {
													"timeout": "7.00:00:00",
													"retry": 0,
													"retryIntervalInSeconds": 30,
													"secureOutput": false,
													"secureInput": false
												},
												"userProperties": [],
												"typeProperties": {
													"storedProcedureName": "[cp_data].[update_load_status]",
													"storedProcedureParameters": {
														"Batch_id": {
															"value": {
																"value": "@pipeline().parameters.RunID",
																"type": "Expression"
															},
															"type": "String"
														},
														"Databytes_read": {
															"value": "0",
															"type": "Double"
														},
														"Load_end_date": {
															"value": {
																"value": "@formatDateTime(utcnow(),'yyyy-MM-dd HH:mm:ss')",
																"type": "Expression"
															},
															"type": "DateTime"
														},
														"Load_status": {
															"value": "Success",
															"type": "String"
														},
														"Load_status_id": {
															"value": {
																"value": "@item().load_status_id",
																"type": "Expression"
															},
															"type": "Int32"
														},
														"Modified_by": {
															"value": "ADF",
															"type": "String"
														},
														"Modified_date": {
															"value": {
																"value": "@pipeline().TriggerTime",
																"type": "Expression"
															},
															"type": "DateTime"
														},
														"Project_id": {
															"value": {
																"value": "@item().project_id",
																"type": "Expression"
															},
															"type": "Int32"
														},
														"Source_Dataset": {
															"value": {
																"value": "@item().source_dataset",
																"type": "Expression"
															},
															"type": "String"
														},
														"Source_layer_id": {
															"value": "2",
															"type": "Int32"
														},
														"Source_record_count": {
															"value": {
																"value": "@activity('Databricks - LAND to RAW_JobCluster').output.runOutput.ReadCount",
																"type": "Expression"
															},
															"type": "Int32"
														},
														"Status_description": {
															"value": {
																"value": "@concat('Pipeline succeeded. Raw databricks execution url - ','\"',activity('Databricks - LAND to RAW_JobCluster').output.runPageUrl,'\"')",
																"type": "Expression"
															},
															"type": "String"
														},
														"Target_Dataset": {
															"value": {
																"value": "@replace(item().source_dataset, 'avro', 'parquet')",
																"type": "Expression"
															},
															"type": "String"
														},
														"Target_layer_id": {
															"value": "3",
															"type": "Int32"
														},
														"Target_record_count": {
															"value": {
																"value": "@activity('Databricks - LAND to RAW_JobCluster').output.runOutput.WriteCount",
																"type": "Expression"
															},
															"type": "Int32"
														},
														"Source_id": {
															"value": {
																"value": "@item().source_id",
																"type": "Expression"
															},
															"type": "Int32"
														},
														"metricLogJson": {
															"value": {
																"value": "@activity('Databricks - LAND to RAW_JobCluster').output.runOutput.metricLogJson",
																"type": "Expression"
															},
															"type": "String"
														},
														"databricksUrl": {
															"value": {
																"value": "@activity('Databricks - LAND to RAW_JobCluster').output.runPageUrl",
																"type": "Expression"
															},
															"type": "String"
														},
														"databricksExecTime": {
															"value": {
																"value": "@activity('Databricks - LAND to RAW_JobCluster').output.executionDuration",
																"type": "Expression"
															},
															"type": "Int32"
														},
														"Load_start_time": {
															"value": {
																"value": "@subtractFromTime(formatDateTime(utcNow(),'yyyy-MM-dd HH:mm:ss'),activity('Databricks - LAND to RAW_JobCluster').output.executionDuration,'Second','yyyy-MM-dd HH:mm:ss')",
																"type": "Expression"
															},
															"type": "Datetime"
														}
													}
												},
												"linkedServiceName": {
													"referenceName": "LS_SQLDB_CPData",
													"type": "LinkedServiceReference",
													"parameters": {
														"LS_SQLServerName": {
															"value": "@pipeline().globalParameters.SQLServerName",
															"type": "Expression"
														},
														"LS_SQLDBName": {
															"value": "@pipeline().globalParameters.SQLDBName",
															"type": "Expression"
														},
														"LS_SQLUserName": {
															"value": "@pipeline().globalParameters.SQLUserName",
															"type": "Expression"
														},
														"LS_SQLUserSecretName": {
															"value": "@pipeline().globalParameters.SQLUserSecretName",
															"type": "Expression"
														}
													}
												}
											},
											{
												"name": "Log Processing LandingToRaw-Failed_Job",
												"type": "SqlServerStoredProcedure",
												"dependsOn": [
													{
														"activity": "Databricks - LAND to RAW_JobCluster",
														"dependencyConditions": [
															"Failed"
														]
													}
												],
												"policy": {
													"timeout": "7.00:00:00",
													"retry": 0,
													"retryIntervalInSeconds": 30,
													"secureOutput": false,
													"secureInput": false
												},
												"userProperties": [],
												"typeProperties": {
													"storedProcedureName": "[cp_data].[update_load_status]",
													"storedProcedureParameters": {
														"Batch_id": {
															"value": {
																"value": "@pipeline().parameters.RunID",
																"type": "Expression"
															},
															"type": "String"
														},
														"Databytes_read": {
															"value": "0",
															"type": "Double"
														},
														"Load_end_date": {
															"value": {
																"value": "@formatDateTime(utcNow(),'yyyy-MM-dd HH:mm:ss')",
																"type": "Expression"
															},
															"type": "DateTime"
														},
														"Load_status": {
															"value": "Failed",
															"type": "String"
														},
														"Load_status_id": {
															"value": {
																"value": "@item().load_status_id",
																"type": "Expression"
															},
															"type": "Int32"
														},
														"Modified_by": {
															"value": "ADF",
															"type": "String"
														},
														"Modified_date": {
															"value": {
																"value": "@pipeline().TriggerTime",
																"type": "Expression"
															},
															"type": "DateTime"
														},
														"Project_id": {
															"value": {
																"value": "@item().project_id",
																"type": "Expression"
															},
															"type": "Int32"
														},
														"Source_Dataset": {
															"value": {
																"value": "@item().source_dataset",
																"type": "Expression"
															},
															"type": "String"
														},
														"Source_layer_id": {
															"value": "2",
															"type": "Int32"
														},
														"Source_record_count": {
															"value": "0",
															"type": "Int32"
														},
														"Status_description": {
															"value": {
																"value": "@if(equals(activity('Databricks - LAND to RAW_JobCluster').output.executionDuration,0), \nstring('runPageUrl and exception details are not available'), concat(activity('Databricks - LAND to RAW_JobCluster').output.runPageUrl, '  ',\nactivity('Databricks - LAND to RAW_JobCluster').output.runError))",
																"type": "Expression"
															},
															"type": "String"
														},
														"Target_Dataset": {
															"value": {
																"value": "@replace(item().source_dataset, 'avro', 'parquet')",
																"type": "Expression"
															},
															"type": "String"
														},
														"Target_layer_id": {
															"value": "3",
															"type": "Int32"
														},
														"Target_record_count": {
															"value": "0",
															"type": "Int32"
														},
														"Source_id": {
															"value": {
																"value": "@item().source_id",
																"type": "Expression"
															},
															"type": "Int32"
														},
														"Load_start_time": {
															"value": {
																"value": "@if(not(equals(activity('Databricks - LAND to RAW_JobCluster').output.executionDuration,0)),\nsubtractFromTime(formatDateTime(utcNow(),'yyyy-MM-dd HH:mm:ss'),activity('Databricks - LAND to RAW_JobCluster').output.executionDuration,'Second','yyyy-MM-dd HH:mm:ss'),formatDateTime(utcNow(),'yyyy-MM-dd HH:mm:ss'))",
																"type": "Expression"
															},
															"type": "Datetime"
														},
														"event_id": {
															"value": {
																"value": "@pipeline().parameters.event_id",
																"type": "Expression"
															},
															"type": "String"
														}
													}
												},
												"linkedServiceName": {
													"referenceName": "LS_SQLDB_CPData",
													"type": "LinkedServiceReference",
													"parameters": {
														"LS_SQLServerName": {
															"value": "@pipeline().globalParameters.SQLServerName",
															"type": "Expression"
														},
														"LS_SQLDBName": {
															"value": "@pipeline().globalParameters.SQLDBName",
															"type": "Expression"
														},
														"LS_SQLUserName": {
															"value": "@pipeline().globalParameters.SQLUserName",
															"type": "Expression"
														},
														"LS_SQLUserSecretName": {
															"value": "@pipeline().globalParameters.SQLUserSecretName",
															"type": "Expression"
														}
													}
												}
											},
											{
												"name": "Insert Log Processing - RAW to Unharm_Job",
												"type": "SqlServerStoredProcedure",
												"dependsOn": [
													{
														"activity": "Log Processing LandingToRaw-Success_Job",
														"dependencyConditions": [
															"Succeeded"
														]
													}
												],
												"policy": {
													"timeout": "7.00:00:00",
													"retry": 0,
													"retryIntervalInSeconds": 30,
													"secureOutput": false,
													"secureInput": false
												},
												"userProperties": [],
												"typeProperties": {
													"storedProcedureName": "[cp_data].[insert_load_status]",
													"storedProcedureParameters": {
														"Batch_id": {
															"value": {
																"value": "@pipeline().parameters.RunID",
																"type": "Expression"
															},
															"type": "String"
														},
														"Created_by": {
															"value": "ADF",
															"type": "String"
														},
														"Created_date": {
															"value": {
																"value": "@pipeline().TriggerTime",
																"type": "Expression"
															},
															"type": "DateTime"
														},
														"Load_status": {
															"value": "New",
															"type": "String"
														},
														"Project_id": {
															"value": {
																"value": "@item().project_id",
																"type": "Expression"
															},
															"type": "Int32"
														},
														"Source_Dataset": {
															"value": {
																"value": "@replace(item().source_dataset, 'avro', 'parquet')",
																"type": "Expression"
															},
															"type": "String"
														},
														"Source_layer_id": {
															"value": "3",
															"type": "Int32"
														},
														"Target_layer_id": {
															"value": "4",
															"type": "Int32"
														},
														"Dataset": {
															"value": {
																"value": "@item().dataset",
																"type": "Expression"
															},
															"type": "String"
														},
														"Source_id": {
															"value": {
																"value": "@item().source_id",
																"type": "Expression"
															},
															"type": "Int32"
														},
														"load_type": {
															"value": {
																"value": "@item().config_src_load_type",
																"type": "Expression"
															},
															"type": "String"
														}
													}
												},
												"linkedServiceName": {
													"referenceName": "LS_SQLDB_CPData",
													"type": "LinkedServiceReference",
													"parameters": {
														"LS_SQLServerName": {
															"value": "@pipeline().globalParameters.SQLServerName",
															"type": "Expression"
														},
														"LS_SQLDBName": {
															"value": "@pipeline().globalParameters.SQLDBName",
															"type": "Expression"
														},
														"LS_SQLUserName": {
															"value": "@pipeline().globalParameters.SQLUserName",
															"type": "Expression"
														},
														"LS_SQLUserSecretName": {
															"value": "@pipeline().globalParameters.SQLUserSecretName",
															"type": "Expression"
														}
													}
												}
											}
										]
									},
									{
										"value": "INTERACTIVE",
										"activities": [
											{
												"name": "Databricks - LAND to RAW",
												"type": "DatabricksNotebook",
												"dependsOn": [],
												"policy": {
													"timeout": "7.00:00:00",
													"retry": 0,
													"retryIntervalInSeconds": 30,
													"secureOutput": false,
													"secureInput": false
												},
												"userProperties": [],
												"typeProperties": {
													"notebookPath": "/Shared/CP_Data/Land_to_Raw/landing_to_raw",
													"baseParameters": {
														"project_id": {
															"value": "@string(item().project_id)",
															"type": "Expression"
														},
														"source_id": {
															"value": "@string(item().source_id)",
															"type": "Expression"
														},
														"dataset": {
															"value": "@item().dataset",
															"type": "Expression"
														},
														"primary_keys": {
															"value": "@item().config_primary_keys",
															"type": "Expression"
														},
														"land_file_path": {
															"value": "@if(and(and( not( equals(item().config_adls_landing_path_override, coalesce(null, null, null)) ), not( empty(item().config_adls_landing_path_override) ) ),\n\t\tequals(toLower(item().source_name), 'saphana')),\n\t\tconcat('RAW/', replace(replace(replace(replace(item().config_adls_landing_path_override, '##source_name##', toUpper(item().source_name)),\n\t\t'##config_data_hub##', toUpper(item().config_data_hub)),'##config_environment##', toUpper(item().config_environment)),\n\t\t'##source_environment_type##', toUpper(item().source_environment_type)),\n\t\t'/', trim(item().config_source_schema),\n\t\t'.', split(trim(item().dataset), '/')[1])\n,\n\t\tif(equals(toLower(item().source_name), 'saphana'),\n\tconcat('RAW/', replace(replace(replace(item().config_adls_landing_path, '##source_environment##', toUpper(item().source_environment)), \n\t'##source_name##', toUpper(item().source_name)),'##config_environment##', \n\titem().config_environment), '/', item().config_source_schema, '.', split(item().dataset, '/')[1])\n\t,\n\t      if(and( not( equals(item().config_adls_landing_path_override, coalesce(null, null, null)) ), not( empty(item().config_adls_landing_path_override) ) ),\n\t\t    concat('RAW/', replace(replace(replace(replace(item().config_adls_landing_path_override, '##source_name##', toUpper(item().source_name)),\n\t\t    '##config_data_hub##', toUpper(item().config_data_hub)),'##config_environment##', toUpper(item().config_environment)),\n\t\t    '##source_environment_type##', toUpper(item().source_environment_type)),\n\t\t    '/', trim(item().config_source_schema),\n\t\t    '.', trim(item().dataset))\n\t\t,\n\t\t    \n\t\t    concat('RAW/', replace(replace(replace(item().config_adls_landing_path, '##source_environment##', toUpper(item().source_environment)),\n\t\t    '##source_name##', toUpper(item().source_name)),'##config_environment##', \n\t\t    item().config_environment), '/', item().config_source_schema, '.', item().dataset)\n\t    )\n\t)\n)",
															"type": "Expression"
														},
														"land_file_name": {
															"value": "@item().source_dataset",
															"type": "Expression"
														},
														"raw_file_path": {
															"value": "@if(and(and( not( equals(item().config_adls_raw_path_override, coalesce(null, null, null)) ), not( empty(item().config_adls_raw_path_override) ) ),\n\t\tequals(toLower(item().source_name), 'saphana')),\n\t\tconcat('PROJECT/', replace(replace(replace(replace(item().config_adls_raw_path_override, '##source_name##', toUpper(item().source_name)),\n\t\t'##config_data_hub##', toUpper(item().config_data_hub)),'##config_environment##', toUpper(item().config_environment)),\n\t\t'##source_environment_type##', toUpper(item().source_environment_type)),\n\t\t'/', trim(item().config_source_schema),\n\t\t'.', split(trim(item().dataset), '/')[1])\n,\n\t\tif(equals(toLower(item().source_name), 'saphana'),\n\t       concat('PROJECT/', replace(replace(replace(replace(replace(trim(item().config_adls_raw_path), '##source_environment##', toUpper(trim(item().source_environment))), '##source_name##', toUpper(trim(item().source_name))), '##config_data_classification##', toUpper(trim(item().config_data_classification))), '##source_data_category##', toUpper(trim(item().source_data_category))),'##config_environment##', item().config_environment), '/', trim(item().config_source_schema), '.', split(trim(item().dataset), '/')[1])\n\t,\n\t      if(and( not( equals(item().config_adls_raw_path_override, coalesce(null, null, null)) ), not( empty(item().config_adls_raw_path_override) ) ),\n\t\t    concat('PROJECT/', replace(replace(replace(replace(item().config_adls_raw_path_override, '##source_name##', toUpper(item().source_name)),\n\t\t    '##config_data_hub##', toUpper(item().config_data_hub)),'##config_environment##', toUpper(item().config_environment)),\n\t\t    '##source_environment_type##', toUpper(item().source_environment_type)),\n\t\t    '/', trim(item().config_source_schema),\n\t\t    '.', trim(item().dataset))\n\t\t,\n\t\t    \n\t\t    concat('PROJECT/', replace(replace(replace(replace(replace(trim(item().config_adls_raw_path), '##source_environment##', toUpper(trim(item().source_environment))), '##source_name##', toUpper(trim(item().source_name))), '##config_data_classification##', toUpper(trim(item().config_data_classification))), '##source_data_category##', toUpper(trim(item().source_data_category))),'##config_environment##', item().config_environment), '/', trim(item().config_source_schema), '.', trim(item().dataset))\n\t    )\n\t)\n)",
															"type": "Expression"
														},
														"raw_file_name": {
															"value": "@replace(item().source_dataset, 'avro', 'parquet')",
															"type": "Expression"
														}
													}
												},
												"linkedServiceName": {
													"referenceName": "LS_Databricks_CPData",
													"type": "LinkedServiceReference",
													"parameters": {
														"DB_Workspace": {
															"value": "@pipeline().globalParameters.DB_Workspace",
															"type": "Expression"
														},
														"DB_SecretName": {
															"value": "@pipeline().globalParameters.DB_SecretName",
															"type": "Expression"
														},
														"DB_ClusterID": {
															"value": "@pipeline().globalParameters.DB_ClusterID",
															"type": "Expression"
														}
													}
												}
											},
											{
												"name": "Log Processing LandingToRaw-Success_Interactive",
												"type": "SqlServerStoredProcedure",
												"dependsOn": [
													{
														"activity": "Databricks - LAND to RAW",
														"dependencyConditions": [
															"Succeeded"
														]
													}
												],
												"policy": {
													"timeout": "7.00:00:00",
													"retry": 0,
													"retryIntervalInSeconds": 30,
													"secureOutput": false,
													"secureInput": false
												},
												"userProperties": [],
												"typeProperties": {
													"storedProcedureName": "[cp_data].[update_load_status]",
													"storedProcedureParameters": {
														"Batch_id": {
															"value": {
																"value": "@pipeline().parameters.RunID",
																"type": "Expression"
															},
															"type": "String"
														},
														"Databytes_read": {
															"value": "0",
															"type": "Double"
														},
														"Load_end_date": {
															"value": {
																"value": "@formatDateTime(utcnow(),'yyyy-MM-dd HH:mm:ss')",
																"type": "Expression"
															},
															"type": "DateTime"
														},
														"Load_status": {
															"value": "Success",
															"type": "String"
														},
														"Load_status_id": {
															"value": {
																"value": "@item().load_status_id",
																"type": "Expression"
															},
															"type": "Int32"
														},
														"Modified_by": {
															"value": "ADF",
															"type": "String"
														},
														"Modified_date": {
															"value": {
																"value": "@pipeline().TriggerTime",
																"type": "Expression"
															},
															"type": "DateTime"
														},
														"Project_id": {
															"value": {
																"value": "@item().project_id",
																"type": "Expression"
															},
															"type": "Int32"
														},
														"Source_Dataset": {
															"value": {
																"value": "@item().source_dataset",
																"type": "Expression"
															},
															"type": "String"
														},
														"Source_layer_id": {
															"value": "2",
															"type": "Int32"
														},
														"Source_record_count": {
															"value": {
																"value": "@activity('Databricks - LAND to RAW').output.runOutput.ReadCount",
																"type": "Expression"
															},
															"type": "Int32"
														},
														"Status_description": {
															"value": {
																"value": "@concat('Pipeline succeeded. Raw databricks execution url - ','\"',activity('Databricks - LAND to RAW').output.runPageUrl,'\"')",
																"type": "Expression"
															},
															"type": "String"
														},
														"Target_Dataset": {
															"value": {
																"value": "@replace(item().source_dataset, 'avro', 'parquet')",
																"type": "Expression"
															},
															"type": "String"
														},
														"Target_layer_id": {
															"value": "3",
															"type": "Int32"
														},
														"Target_record_count": {
															"value": {
																"value": "@activity('Databricks - LAND to RAW').output.runOutput.WriteCount",
																"type": "Expression"
															},
															"type": "Int32"
														},
														"Source_id": {
															"value": {
																"value": "@item().source_id",
																"type": "Expression"
															},
															"type": "Int32"
														},
														"metricLogJson": {
															"value": {
																"value": "@activity('Databricks - LAND to RAW').output.runOutput.metricLogJson",
																"type": "Expression"
															},
															"type": "String"
														},
														"databricksUrl": {
															"value": {
																"value": "@activity('Databricks - LAND to RAW').output.runPageUrl",
																"type": "Expression"
															},
															"type": "String"
														},
														"databricksExecTime": {
															"value": {
																"value": "@activity('Databricks - LAND to RAW').output.executionDuration",
																"type": "Expression"
															},
															"type": "Int32"
														},
														"Load_start_time": {
															"value": {
																"value": "@subtractFromTime(formatDateTime(utcNow(),'yyyy-MM-dd HH:mm:ss'),activity('Databricks - LAND to RAW').output.executionDuration,'Second','yyyy-MM-dd HH:mm:ss')",
																"type": "Expression"
															},
															"type": "Datetime"
														}
													}
												},
												"linkedServiceName": {
													"referenceName": "LS_SQLDB_CPData",
													"type": "LinkedServiceReference",
													"parameters": {
														"LS_SQLServerName": {
															"value": "@pipeline().globalParameters.SQLServerName",
															"type": "Expression"
														},
														"LS_SQLDBName": {
															"value": "@pipeline().globalParameters.SQLDBName",
															"type": "Expression"
														},
														"LS_SQLUserName": {
															"value": "@pipeline().globalParameters.SQLUserName",
															"type": "Expression"
														},
														"LS_SQLUserSecretName": {
															"value": "@pipeline().globalParameters.SQLUserSecretName",
															"type": "Expression"
														}
													}
												}
											},
											{
												"name": "Log Processing LandingToRaw-Failed_Interactive",
												"type": "SqlServerStoredProcedure",
												"dependsOn": [
													{
														"activity": "Databricks - LAND to RAW",
														"dependencyConditions": [
															"Failed"
														]
													}
												],
												"policy": {
													"timeout": "7.00:00:00",
													"retry": 0,
													"retryIntervalInSeconds": 30,
													"secureOutput": false,
													"secureInput": false
												},
												"userProperties": [],
												"typeProperties": {
													"storedProcedureName": "[cp_data].[update_load_status]",
													"storedProcedureParameters": {
														"Batch_id": {
															"value": {
																"value": "@pipeline().parameters.RunID",
																"type": "Expression"
															},
															"type": "String"
														},
														"Databytes_read": {
															"value": "0",
															"type": "Double"
														},
														"Load_end_date": {
															"value": {
																"value": "@formatDateTime(utcNow(),'yyyy-MM-dd HH:mm:ss')",
																"type": "Expression"
															},
															"type": "DateTime"
														},
														"Load_status": {
															"value": "Failed",
															"type": "String"
														},
														"Load_status_id": {
															"value": {
																"value": "@item().load_status_id",
																"type": "Expression"
															},
															"type": "Int32"
														},
														"Modified_by": {
															"value": "ADF",
															"type": "String"
														},
														"Modified_date": {
															"value": {
																"value": "@pipeline().TriggerTime",
																"type": "Expression"
															},
															"type": "DateTime"
														},
														"Project_id": {
															"value": {
																"value": "@item().project_id",
																"type": "Expression"
															},
															"type": "Int32"
														},
														"Source_Dataset": {
															"value": {
																"value": "@item().source_dataset",
																"type": "Expression"
															},
															"type": "String"
														},
														"Source_layer_id": {
															"value": "2",
															"type": "Int32"
														},
														"Source_record_count": {
															"value": "0",
															"type": "Int32"
														},
														"Status_description": {
															"value": {
																"value": "@if(equals(activity('Databricks - LAND to RAW').output.executionDuration,0), \nstring('runPageUrl and exception details are not available'), concat(activity('Databricks - LAND to RAW').output.runPageUrl, '  ',\nactivity('Databricks - LAND to RAW').output.runError))",
																"type": "Expression"
															},
															"type": "String"
														},
														"Target_Dataset": {
															"value": {
																"value": "@replace(item().source_dataset, 'avro', 'parquet')",
																"type": "Expression"
															},
															"type": "String"
														},
														"Target_layer_id": {
															"value": "3",
															"type": "Int32"
														},
														"Target_record_count": {
															"value": "0",
															"type": "Int32"
														},
														"Source_id": {
															"value": {
																"value": "@item().source_id",
																"type": "Expression"
															},
															"type": "Int32"
														},
														"Load_start_time": {
															"value": {
																"value": "@if(not(equals(activity('Databricks - LAND to RAW').output.executionDuration,0)),\nsubtractFromTime(formatDateTime(utcNow(),'yyyy-MM-dd HH:mm:ss'),activity('Databricks - LAND to RAW').output.executionDuration,'Second','yyyy-MM-dd HH:mm:ss'),formatDateTime(utcNow(),'yyyy-MM-dd HH:mm:ss'))",
																"type": "Expression"
															},
															"type": "Datetime"
														},
														"event_id": {
															"value": {
																"value": "@pipeline().parameters.event_id",
																"type": "Expression"
															},
															"type": "String"
														}
													}
												},
												"linkedServiceName": {
													"referenceName": "LS_SQLDB_CPData",
													"type": "LinkedServiceReference",
													"parameters": {
														"LS_SQLServerName": {
															"value": "@pipeline().globalParameters.SQLServerName",
															"type": "Expression"
														},
														"LS_SQLDBName": {
															"value": "@pipeline().globalParameters.SQLDBName",
															"type": "Expression"
														},
														"LS_SQLUserName": {
															"value": "@pipeline().globalParameters.SQLUserName",
															"type": "Expression"
														},
														"LS_SQLUserSecretName": {
															"value": "@pipeline().globalParameters.SQLUserSecretName",
															"type": "Expression"
														}
													}
												}
											},
											{
												"name": "Insert Log Processing - RAW to unharm_Interactive",
												"type": "SqlServerStoredProcedure",
												"dependsOn": [
													{
														"activity": "Log Processing LandingToRaw-Success_Interactive",
														"dependencyConditions": [
															"Succeeded"
														]
													}
												],
												"policy": {
													"timeout": "7.00:00:00",
													"retry": 0,
													"retryIntervalInSeconds": 30,
													"secureOutput": false,
													"secureInput": false
												},
												"userProperties": [],
												"typeProperties": {
													"storedProcedureName": "[cp_data].[insert_load_status]",
													"storedProcedureParameters": {
														"Batch_id": {
															"value": {
																"value": "@pipeline().parameters.RunID",
																"type": "Expression"
															},
															"type": "String"
														},
														"Created_by": {
															"value": "ADF",
															"type": "String"
														},
														"Created_date": {
															"value": {
																"value": "@pipeline().TriggerTime",
																"type": "Expression"
															},
															"type": "DateTime"
														},
														"Load_status": {
															"value": "New",
															"type": "String"
														},
														"Project_id": {
															"value": {
																"value": "@item().project_id",
																"type": "Expression"
															},
															"type": "Int32"
														},
														"Source_Dataset": {
															"value": {
																"value": "@replace(item().source_dataset, 'avro', 'parquet')",
																"type": "Expression"
															},
															"type": "String"
														},
														"Source_layer_id": {
															"value": "3",
															"type": "Int32"
														},
														"Target_layer_id": {
															"value": "4",
															"type": "Int32"
														},
														"Dataset": {
															"value": {
																"value": "@item().dataset",
																"type": "Expression"
															},
															"type": "String"
														},
														"Source_id": {
															"value": {
																"value": "@item().source_id",
																"type": "Expression"
															},
															"type": "Int32"
														},
														"load_type": {
															"value": {
																"value": "@item().config_src_load_type",
																"type": "Expression"
															},
															"type": "String"
														}
													}
												},
												"linkedServiceName": {
													"referenceName": "LS_SQLDB_CPData",
													"type": "LinkedServiceReference",
													"parameters": {
														"LS_SQLServerName": {
															"value": "@pipeline().globalParameters.SQLServerName",
															"type": "Expression"
														},
														"LS_SQLDBName": {
															"value": "@pipeline().globalParameters.SQLDBName",
															"type": "Expression"
														},
														"LS_SQLUserName": {
															"value": "@pipeline().globalParameters.SQLUserName",
															"type": "Expression"
														},
														"LS_SQLUserSecretName": {
															"value": "@pipeline().globalParameters.SQLUserSecretName",
															"type": "Expression"
														}
													}
												}
											}
										]
									},
									{
										"value": "POOL",
										"activities": [
											{
												"name": "Databricks - LAND to RAW_PoolCluster",
												"type": "DatabricksNotebook",
												"dependsOn": [],
												"policy": {
													"timeout": "7.00:00:00",
													"retry": 0,
													"retryIntervalInSeconds": 30,
													"secureOutput": false,
													"secureInput": false
												},
												"userProperties": [],
												"typeProperties": {
													"notebookPath": "/Shared/CP_Data/Land_to_Raw/landing_to_raw",
													"baseParameters": {
														"project_id": {
															"value": "@string(item().project_id)",
															"type": "Expression"
														},
														"source_id": {
															"value": "@string(item().source_id)",
															"type": "Expression"
														},
														"dataset": {
															"value": "@item().dataset",
															"type": "Expression"
														},
														"primary_keys": {
															"value": "@item().config_primary_keys",
															"type": "Expression"
														},
														"land_file_path": {
															"value": "@if(and(and( not( equals(item().config_adls_landing_path_override, coalesce(null, null, null)) ), not( empty(item().config_adls_landing_path_override) ) ),\n\t\tequals(toLower(item().source_name), 'saphana')),\n\t\tconcat('RAW/', replace(replace(replace(replace(item().config_adls_landing_path_override, '##source_name##', toUpper(item().source_name)),\n\t\t'##config_data_hub##', toUpper(item().config_data_hub)),'##config_environment##', toUpper(item().config_environment)),\n\t\t'##source_environment_type##', toUpper(item().source_environment_type)),\n\t\t'/', trim(item().config_source_schema),\n\t\t'.', split(trim(item().dataset), '/')[1])\n,\n\t\tif(equals(toLower(item().source_name), 'saphana'),\n\tconcat('RAW/', replace(replace(replace(item().config_adls_landing_path, '##source_environment##', toUpper(item().source_environment)), \n\t'##source_name##', toUpper(item().source_name)),'##config_environment##', \n\titem().config_environment), '/', item().config_source_schema, '.', split(item().dataset, '/')[1])\n\t,\n\t      if(and( not( equals(item().config_adls_landing_path_override, coalesce(null, null, null)) ), not( empty(item().config_adls_landing_path_override) ) ),\n\t\t    concat('RAW/', replace(replace(replace(replace(item().config_adls_landing_path_override, '##source_name##', toUpper(item().source_name)),\n\t\t    '##config_data_hub##', toUpper(item().config_data_hub)),'##config_environment##', toUpper(item().config_environment)),\n\t\t    '##source_environment_type##', toUpper(item().source_environment_type)),\n\t\t    '/', trim(item().config_source_schema),\n\t\t    '.', trim(item().dataset))\n\t\t,\n\t\t    \n\t\t    concat('RAW/', replace(replace(replace(item().config_adls_landing_path, '##source_environment##', toUpper(item().source_environment)),\n\t\t    '##source_name##', toUpper(item().source_name)),'##config_environment##', \n\t\t    item().config_environment), '/', item().config_source_schema, '.', item().dataset)\n\t    )\n\t)\n)",
															"type": "Expression"
														},
														"land_file_name": {
															"value": "@item().source_dataset",
															"type": "Expression"
														},
														"raw_file_path": {
															"value": "@if(and(and( not( equals(item().config_adls_raw_path_override, coalesce(null, null, null)) ), not( empty(item().config_adls_raw_path_override) ) ),\n\t\tequals(toLower(item().source_name), 'saphana')),\n\t\tconcat('PROJECT/', replace(replace(replace(replace(item().config_adls_raw_path_override, '##source_name##', toUpper(item().source_name)),\n\t\t'##config_data_hub##', toUpper(item().config_data_hub)),'##config_environment##', toUpper(item().config_environment)),\n\t\t'##source_environment_type##', toUpper(item().source_environment_type)),\n\t\t'/', trim(item().config_source_schema),\n\t\t'.', split(trim(item().dataset), '/')[1])\n,\n\t\tif(equals(toLower(item().source_name), 'saphana'),\n\t       concat('PROJECT/', replace(replace(replace(replace(replace(trim(item().config_adls_raw_path), '##source_environment##', toUpper(trim(item().source_environment))), '##source_name##', toUpper(trim(item().source_name))), '##config_data_classification##', toUpper(trim(item().config_data_classification))), '##source_data_category##', toUpper(trim(item().source_data_category))),'##config_environment##', item().config_environment), '/', trim(item().config_source_schema), '.', split(trim(item().dataset), '/')[1])\n\t,\n\t      if(and( not( equals(item().config_adls_raw_path_override, coalesce(null, null, null)) ), not( empty(item().config_adls_raw_path_override) ) ),\n\t\t    concat('PROJECT/', replace(replace(replace(replace(item().config_adls_raw_path_override, '##source_name##', toUpper(item().source_name)),\n\t\t    '##config_data_hub##', toUpper(item().config_data_hub)),'##config_environment##', toUpper(item().config_environment)),\n\t\t    '##source_environment_type##', toUpper(item().source_environment_type)),\n\t\t    '/', trim(item().config_source_schema),\n\t\t    '.', trim(item().dataset))\n\t\t,\n\t\t    \n\t\t    concat('PROJECT/', replace(replace(replace(replace(replace(trim(item().config_adls_raw_path), '##source_environment##', toUpper(trim(item().source_environment))), '##source_name##', toUpper(trim(item().source_name))), '##config_data_classification##', toUpper(trim(item().config_data_classification))), '##source_data_category##', toUpper(trim(item().source_data_category))),'##config_environment##', item().config_environment), '/', trim(item().config_source_schema), '.', trim(item().dataset))\n\t    )\n\t)\n)",
															"type": "Expression"
														},
														"raw_file_name": {
															"value": "@replace(item().source_dataset, 'avro', 'parquet')",
															"type": "Expression"
														}
													}
												},
												"linkedServiceName": {
													"referenceName": "LS_Databricks_PoolCluster_Parameterized",
													"type": "LinkedServiceReference",
													"parameters": {
														"DB_Workspace": {
															"value": "@pipeline().globalParameters.DB_Workspace",
															"type": "Expression"
														},
														"DB_Spark_Version": {
															"value": "@item().spark_version",
															"type": "Expression"
														},
														"DB_Worker_Node_type": {
															"value": "@item().worker_node_type",
															"type": "Expression"
														},
														"DB_Worker_Autoscale": {
															"value": "@item().worker_autoscale",
															"type": "Expression"
														},
														"DB_Cluster_PoolID": {
															"value": "@item().pool_id",
															"type": "Expression"
														},
														"DB_SERVER": {
															"value": "@pipeline().globalParameters.SQLServerName",
															"type": "Expression"
														},
														"DB_DATABASE": {
															"value": "@pipeline().globalParameters.SQLDBName",
															"type": "Expression"
														},
														"DB_USER": {
															"value": "@pipeline().globalParameters.SQLUserName_ADB",
															"type": "Expression"
														},
														"SCOPE_NAME": {
															"value": "@pipeline().globalParameters.KVScopeName",
															"type": "Expression"
														},
														"ADLS_KEY": {
															"value": "@pipeline().globalParameters.ADLS_KVSecretName",
															"type": "Expression"
														},
														"ADLS_CLIENT_ID": {
															"value": "@pipeline().globalParameters.ADLS_SPN_ClientID",
															"type": "Expression"
														},
														"DB_SecretName": {
															"value": "@pipeline().globalParameters.DB_SecretName",
															"type": "Expression"
														},
														"Source_Name": {
															"value": "@item().source_name",
															"type": "Expression"
														},
														"Source_Type": {
															"value": "@item().source_type",
															"type": "Expression"
														},
														"Source_Onprem_Cloud": {
															"value": "@item().source_onprem_cloud",
															"type": "Expression"
														},
														"Source_Name_Variant": {
															"value": "@item().source_name_variant",
															"type": "Expression"
														},
														"Config_Src_Load_Type": {
															"value": "@item().config_src_load_type",
															"type": "Expression"
														},
														"Dataset": {
															"value": "@item().dataset",
															"type": "Expression"
														},
														"Cluster_Type": {
															"value": "@item().cluster_type",
															"type": "Expression"
														}
													}
												}
											},
											{
												"name": "Log Processing LandingToRaw-Success_Pool",
												"type": "SqlServerStoredProcedure",
												"dependsOn": [
													{
														"activity": "Databricks - LAND to RAW_PoolCluster",
														"dependencyConditions": [
															"Succeeded"
														]
													}
												],
												"policy": {
													"timeout": "7.00:00:00",
													"retry": 0,
													"retryIntervalInSeconds": 30,
													"secureOutput": false,
													"secureInput": false
												},
												"userProperties": [],
												"typeProperties": {
													"storedProcedureName": "[cp_data].[update_load_status]",
													"storedProcedureParameters": {
														"Batch_id": {
															"value": {
																"value": "@pipeline().parameters.RunID",
																"type": "Expression"
															},
															"type": "String"
														},
														"Databytes_read": {
															"value": "0",
															"type": "Double"
														},
														"Load_end_date": {
															"value": {
																"value": "@formatDateTime(utcnow(),'yyyy-MM-dd HH:mm:ss')",
																"type": "Expression"
															},
															"type": "DateTime"
														},
														"Load_status": {
															"value": "Success",
															"type": "String"
														},
														"Load_status_id": {
															"value": {
																"value": "@item().load_status_id",
																"type": "Expression"
															},
															"type": "Int32"
														},
														"Modified_by": {
															"value": "ADF",
															"type": "String"
														},
														"Modified_date": {
															"value": {
																"value": "@pipeline().TriggerTime",
																"type": "Expression"
															},
															"type": "DateTime"
														},
														"Project_id": {
															"value": {
																"value": "@item().project_id",
																"type": "Expression"
															},
															"type": "Int32"
														},
														"Source_Dataset": {
															"value": {
																"value": "@item().source_dataset",
																"type": "Expression"
															},
															"type": "String"
														},
														"Source_layer_id": {
															"value": "2",
															"type": "Int32"
														},
														"Source_record_count": {
															"value": {
																"value": "@activity('Databricks - LAND to RAW_PoolCluster').output.runOutput.ReadCount",
																"type": "Expression"
															},
															"type": "Int32"
														},
														"Status_description": {
															"value": {
																"value": "@concat('Pipeline succeeded. Raw databricks execution url - ','\"',activity('Databricks - LAND to RAW_PoolCluster').output.runPageUrl,'\"')",
																"type": "Expression"
															},
															"type": "String"
														},
														"Target_Dataset": {
															"value": {
																"value": "@replace(item().source_dataset, 'avro', 'parquet')",
																"type": "Expression"
															},
															"type": "String"
														},
														"Target_layer_id": {
															"value": "3",
															"type": "Int32"
														},
														"Target_record_count": {
															"value": {
																"value": "@activity('Databricks - LAND to RAW_PoolCluster').output.runOutput.WriteCount",
																"type": "Expression"
															},
															"type": "Int32"
														},
														"Source_id": {
															"value": {
																"value": "@item().source_id",
																"type": "Expression"
															},
															"type": "Int32"
														},
														"metricLogJson": {
															"value": {
																"value": "@activity('Databricks - LAND to RAW_PoolCluster').output.runOutput.metricLogJson",
																"type": "Expression"
															},
															"type": "String"
														},
														"databricksUrl": {
															"value": {
																"value": "@activity('Databricks - LAND to RAW_PoolCluster').output.runPageUrl",
																"type": "Expression"
															},
															"type": "String"
														},
														"databricksExecTime": {
															"value": {
																"value": "@activity('Databricks - LAND to RAW_PoolCluster').output.executionDuration",
																"type": "Expression"
															},
															"type": "Int32"
														},
														"Load_start_time": {
															"value": {
																"value": "@subtractFromTime(formatDateTime(utcNow(),'yyyy-MM-dd HH:mm:ss'),activity('Databricks - LAND to RAW_PoolCluster').output.executionDuration,'Second','yyyy-MM-dd HH:mm:ss')",
																"type": "Expression"
															},
															"type": "Datetime"
														}
													}
												},
												"linkedServiceName": {
													"referenceName": "LS_SQLDB_CPData",
													"type": "LinkedServiceReference",
													"parameters": {
														"LS_SQLServerName": {
															"value": "@pipeline().globalParameters.SQLServerName",
															"type": "Expression"
														},
														"LS_SQLDBName": {
															"value": "@pipeline().globalParameters.SQLDBName",
															"type": "Expression"
														},
														"LS_SQLUserName": {
															"value": "@pipeline().globalParameters.SQLUserName",
															"type": "Expression"
														},
														"LS_SQLUserSecretName": {
															"value": "@pipeline().globalParameters.SQLUserSecretName",
															"type": "Expression"
														}
													}
												}
											},
											{
												"name": "Log Processing LandingToRaw-Failed_Pool",
												"type": "SqlServerStoredProcedure",
												"dependsOn": [
													{
														"activity": "Databricks - LAND to RAW_PoolCluster",
														"dependencyConditions": [
															"Failed"
														]
													}
												],
												"policy": {
													"timeout": "7.00:00:00",
													"retry": 0,
													"retryIntervalInSeconds": 30,
													"secureOutput": false,
													"secureInput": false
												},
												"userProperties": [],
												"typeProperties": {
													"storedProcedureName": "[cp_data].[update_load_status]",
													"storedProcedureParameters": {
														"Batch_id": {
															"value": {
																"value": "@pipeline().parameters.RunID",
																"type": "Expression"
															},
															"type": "String"
														},
														"Databytes_read": {
															"value": "0",
															"type": "Double"
														},
														"Load_end_date": {
															"value": {
																"value": "@formatDateTime(utcNow(),'yyyy-MM-dd HH:mm:ss')",
																"type": "Expression"
															},
															"type": "DateTime"
														},
														"Load_status": {
															"value": "Failed",
															"type": "String"
														},
														"Load_status_id": {
															"value": {
																"value": "@item().load_status_id",
																"type": "Expression"
															},
															"type": "Int32"
														},
														"Modified_by": {
															"value": "ADF",
															"type": "String"
														},
														"Modified_date": {
															"value": {
																"value": "@pipeline().TriggerTime",
																"type": "Expression"
															},
															"type": "DateTime"
														},
														"Project_id": {
															"value": {
																"value": "@item().project_id",
																"type": "Expression"
															},
															"type": "Int32"
														},
														"Source_Dataset": {
															"value": {
																"value": "@item().source_dataset",
																"type": "Expression"
															},
															"type": "String"
														},
														"Source_layer_id": {
															"value": "2",
															"type": "Int32"
														},
														"Source_record_count": {
															"value": "0",
															"type": "Int32"
														},
														"Status_description": {
															"value": {
																"value": "@if(equals(activity('Databricks - LAND to RAW_PoolCluster').output.executionDuration,0), \nstring('runPageUrl and exception details are not available'), concat(activity('Databricks - LAND to RAW_PoolCluster').output.runPageUrl, '  ',\nactivity('Databricks - LAND to RAW_PoolCluster').output.runError))",
																"type": "Expression"
															},
															"type": "String"
														},
														"Target_Dataset": {
															"value": {
																"value": "@replace(item().source_dataset, 'avro', 'parquet')",
																"type": "Expression"
															},
															"type": "String"
														},
														"Target_layer_id": {
															"value": "3",
															"type": "Int32"
														},
														"Target_record_count": {
															"value": "0",
															"type": "Int32"
														},
														"Source_id": {
															"value": {
																"value": "@item().source_id",
																"type": "Expression"
															},
															"type": "Int32"
														},
														"Load_start_time": {
															"value": {
																"value": "@if(not(equals(activity('Databricks - LAND to RAW_PoolCluster').output.executionDuration,0)),\nsubtractFromTime(formatDateTime(utcNow(),'yyyy-MM-dd HH:mm:ss'),activity('Databricks - LAND to RAW_PoolCluster').output.executionDuration,'Second','yyyy-MM-dd HH:mm:ss'),formatDateTime(utcNow(),'yyyy-MM-dd HH:mm:ss'))",
																"type": "Expression"
															},
															"type": "Datetime"
														},
														"event_id": {
															"value": {
																"value": "@pipeline().parameters.event_id",
																"type": "Expression"
															},
															"type": "String"
														}
													}
												},
												"linkedServiceName": {
													"referenceName": "LS_SQLDB_CPData",
													"type": "LinkedServiceReference",
													"parameters": {
														"LS_SQLServerName": {
															"value": "@pipeline().globalParameters.SQLServerName",
															"type": "Expression"
														},
														"LS_SQLDBName": {
															"value": "@pipeline().globalParameters.SQLDBName",
															"type": "Expression"
														},
														"LS_SQLUserName": {
															"value": "@pipeline().globalParameters.SQLUserName",
															"type": "Expression"
														},
														"LS_SQLUserSecretName": {
															"value": "@pipeline().globalParameters.SQLUserSecretName",
															"type": "Expression"
														}
													}
												}
											},
											{
												"name": "Insert Log Processing - RAW to unharm_Pool",
												"type": "SqlServerStoredProcedure",
												"dependsOn": [
													{
														"activity": "Log Processing LandingToRaw-Success_Pool",
														"dependencyConditions": [
															"Succeeded"
														]
													}
												],
												"policy": {
													"timeout": "7.00:00:00",
													"retry": 0,
													"retryIntervalInSeconds": 30,
													"secureOutput": false,
													"secureInput": false
												},
												"userProperties": [],
												"typeProperties": {
													"storedProcedureName": "[cp_data].[insert_load_status]",
													"storedProcedureParameters": {
														"Batch_id": {
															"value": {
																"value": "@pipeline().parameters.RunID",
																"type": "Expression"
															},
															"type": "String"
														},
														"Created_by": {
															"value": "ADF",
															"type": "String"
														},
														"Created_date": {
															"value": {
																"value": "@pipeline().TriggerTime",
																"type": "Expression"
															},
															"type": "DateTime"
														},
														"Load_status": {
															"value": "New",
															"type": "String"
														},
														"Project_id": {
															"value": {
																"value": "@item().project_id",
																"type": "Expression"
															},
															"type": "Int32"
														},
														"Source_Dataset": {
															"value": {
																"value": "@replace(item().source_dataset, 'avro', 'parquet')",
																"type": "Expression"
															},
															"type": "String"
														},
														"Source_layer_id": {
															"value": "3",
															"type": "Int32"
														},
														"Target_layer_id": {
															"value": "4",
															"type": "Int32"
														},
														"Dataset": {
															"value": {
																"value": "@item().dataset",
																"type": "Expression"
															},
															"type": "String"
														},
														"Source_id": {
															"value": {
																"value": "@item().source_id",
																"type": "Expression"
															},
															"type": "Int32"
														},
														"load_type": {
															"value": {
																"value": "@item().config_src_load_type",
																"type": "Expression"
															},
															"type": "String"
														}
													}
												},
												"linkedServiceName": {
													"referenceName": "LS_SQLDB_CPData",
													"type": "LinkedServiceReference",
													"parameters": {
														"LS_SQLServerName": {
															"value": "@pipeline().globalParameters.SQLServerName",
															"type": "Expression"
														},
														"LS_SQLDBName": {
															"value": "@pipeline().globalParameters.SQLDBName",
															"type": "Expression"
														},
														"LS_SQLUserName": {
															"value": "@pipeline().globalParameters.SQLUserName",
															"type": "Expression"
														},
														"LS_SQLUserSecretName": {
															"value": "@pipeline().globalParameters.SQLUserSecretName",
															"type": "Expression"
														}
													}
												}
											}
										]
									}
								]
							}
						}
					]
				}
			},
			{
				"name": "Filter AVRO dataset - Landing",
				"type": "Filter",
				"dependsOn": [
					{
						"activity": "Lookup - Processing Log - LAND to RAW",
						"dependencyConditions": [
							"Succeeded"
						]
					}
				],
				"userProperties": [],
				"typeProperties": {
					"items": {
						"value": "@activity('Lookup - Processing Log - LAND to RAW').output.value",
						"type": "Expression"
					},
					"condition": {
						"value": "@equals(toLower(item().config_adls_landing_file_format), 'avro')",
						"type": "Expression"
					}
				}
			},
			{
				"name": "Filter XLSX dataset - Landing",
				"type": "Filter",
				"dependsOn": [
					{
						"activity": "Lookup - Processing Log - LAND to RAW",
						"dependencyConditions": [
							"Succeeded"
						]
					}
				],
				"userProperties": [],
				"typeProperties": {
					"items": {
						"value": "@activity('Lookup - Processing Log - LAND to RAW').output.value",
						"type": "Expression"
					},
					"condition": {
						"value": "@equals(toLower(item().config_adls_landing_file_format), 'excel')",
						"type": "Expression"
					}
				}
			},
			{
				"name": "Execute Copy Data Pipeline - LAND- RAW - Excel",
				"type": "ForEach",
				"dependsOn": [
					{
						"activity": "Filter XLSX dataset - Landing",
						"dependencyConditions": [
							"Succeeded"
						]
					}
				],
				"userProperties": [],
				"typeProperties": {
					"items": {
						"value": "@activity('Filter XLSX dataset - Landing').output.Value",
						"type": "Expression"
					},
					"batchCount": 20,
					"activities": [
						{
							"name": "CopyLandingToRaw_Excel",
							"type": "Copy",
							"dependsOn": [],
							"policy": {
								"timeout": "7.00:00:00",
								"retry": 0,
								"retryIntervalInSeconds": 30,
								"secureOutput": false,
								"secureInput": false
							},
							"userProperties": [],
							"typeProperties": {
								"source": {
									"type": "ExcelSource",
									"additionalColumns": [
										{
											"name": "META_CREATED_DTTM",
											"value": {
												"value": "@pipeline().parameters.META_CREATED_DTTM",
												"type": "Expression"
											}
										}
									],
									"storeSettings": {
										"type": "AzureBlobFSReadSettings",
										"recursive": true,
										"enablePartitionDiscovery": false
									}
								},
								"sink": {
									"type": "ParquetSink",
									"storeSettings": {
										"type": "AzureBlobFSWriteSettings"
									},
									"formatSettings": {
										"type": "ParquetWriteSettings"
									}
								},
								"enableStaging": false,
								"translator": {
									"type": "TabularTranslator",
									"typeConversion": true,
									"typeConversionSettings": {
										"allowDataTruncation": true,
										"treatBooleanAsNumber": false
									}
								}
							},
							"inputs": [
								{
									"referenceName": "DS_ADLS_EXCEL_Dataset_Parameterized",
									"type": "DatasetReference",
									"parameters": {
										"DS_ADLSStore": {
											"value": "@item().config_adls_store",
											"type": "Expression"
										},
										"DS_ADLS_Path": {
											"value": "@concat('RAW/', replace(replace(item().config_adls_landing_path, '##config_environment##', toUpper(item().config_environment)), '##source_name##', toUpper(item().source_name)), '/', item().config_source_schema, '.', item().dataset)\n",
											"type": "Expression"
										},
										"DS_ADLS_ObjectName": {
											"value": "@item().source_dataset",
											"type": "Expression"
										},
										"DS_ADLS_File_SheetName": {
											"value": "@item().config_source_excel_sheet_name",
											"type": "Expression"
										},
										"DS_ADLS_ContainerName": {
											"value": "@pipeline().globalParameters.ADLS_ContainerName",
											"type": "Expression"
										}
									}
								}
							],
							"outputs": [
								{
									"referenceName": "DS_ADLS_PARQUET_Parameterized",
									"type": "DatasetReference",
									"parameters": {
										"DS_ADLSStore": {
											"value": "@item().config_adls_store",
											"type": "Expression"
										},
										"DS_ADLS_ObjectName": {
											"value": "@replace(item().source_dataset, 'xlsx', 'parquet')",
											"type": "Expression"
										},
										"DS_ADLS_Path": {
											"value": "@if(and( not( equals(item().config_adls_raw_path_override, coalesce(null, null, null)) ), not( empty(item().config_adls_raw_path_override) ) ),\n\tconcat('PROJECT/', replace(replace(replace(replace(item().config_adls_raw_path_override, '##source_name##', toUpper(item().source_name)),\n\t\t    '##config_data_hub##', toUpper(item().config_data_hub)),'##config_environment##', toUpper(item().config_environment)),\n\t\t    '##source_environment_type##', toUpper(item().source_environment_type)),\n\t\t    '/', trim(item().config_source_schema),\n\t\t    '.', trim(item().dataset))\n,\n\tconcat('PROJECT/', replace(replace(replace(replace(trim(item().config_adls_raw_path), '##config_environment##', toUpper(trim(item().config_environment))), '##source_name##', toUpper(trim(item().source_name))), '##config_data_classification##', toUpper(trim(item().config_data_classification))), '##source_data_category##', toUpper(trim(item().source_data_category))), '/', trim(item().config_source_schema), '.', trim(item().dataset))\n)",
											"type": "Expression"
										},
										"DS_ADLS_ContainerName": {
											"value": "@pipeline().globalParameters.ADLS_ContainerName",
											"type": "Expression"
										}
									}
								}
							]
						},
						{
							"name": "Log Processing LandingToRaw- Success_excel",
							"type": "SqlServerStoredProcedure",
							"dependsOn": [
								{
									"activity": "CopyLandingToRaw_Excel",
									"dependencyConditions": [
										"Succeeded"
									]
								}
							],
							"policy": {
								"timeout": "7.00:00:00",
								"retry": 0,
								"retryIntervalInSeconds": 30,
								"secureOutput": false,
								"secureInput": false
							},
							"userProperties": [],
							"typeProperties": {
								"storedProcedureName": "[cp_data].[update_load_status]",
								"storedProcedureParameters": {
									"Batch_id": {
										"value": {
											"value": "@pipeline().parameters.RunID",
											"type": "Expression"
										},
										"type": "String"
									},
									"Databytes_read": {
										"value": {
											"value": "@activity('CopyLandingToRaw_Excel').output.dataRead",
											"type": "Expression"
										},
										"type": "Double"
									},
									"Load_end_date": {
										"value": {
											"value": "@formatDateTime(utcnow(),'yyyy-MM-dd HH:mm:ss')",
											"type": "Expression"
										},
										"type": "DateTime"
									},
									"Load_status": {
										"value": "Success",
										"type": "String"
									},
									"Load_status_id": {
										"value": {
											"value": "@item().load_status_id",
											"type": "Expression"
										},
										"type": "Int32"
									},
									"Modified_by": {
										"value": "ADF",
										"type": "String"
									},
									"Modified_date": {
										"value": {
											"value": "@pipeline().TriggerTime",
											"type": "Expression"
										},
										"type": "DateTime"
									},
									"Project_id": {
										"value": {
											"value": "@item().project_id",
											"type": "Expression"
										},
										"type": "Int32"
									},
									"Source_Dataset": {
										"value": {
											"value": "@item().source_dataset",
											"type": "Expression"
										},
										"type": "String"
									},
									"Source_layer_id": {
										"value": "2",
										"type": "Int32"
									},
									"Source_record_count": {
										"value": {
											"value": "@activity('CopyLandingToRaw_Excel').output.rowsRead",
											"type": "Expression"
										},
										"type": "Int32"
									},
									"Status_description": {
										"value": "Pipeline succeeded",
										"type": "String"
									},
									"Target_Dataset": {
										"value": {
											"value": "@replace(item().source_dataset, 'xlsx', 'parquet')",
											"type": "Expression"
										},
										"type": "String"
									},
									"Target_layer_id": {
										"value": "3",
										"type": "Int32"
									},
									"Target_record_count": {
										"value": {
											"value": "@activity('CopyLandingToRaw_Excel').output.rowsCopied",
											"type": "Expression"
										},
										"type": "Int32"
									},
									"Source_id": {
										"value": {
											"value": "@item().source_id",
											"type": "Expression"
										},
										"type": "Int32"
									}
								}
							},
							"linkedServiceName": {
								"referenceName": "LS_SQLDB_CPData",
								"type": "LinkedServiceReference",
								"parameters": {
									"LS_SQLServerName": {
										"value": "@pipeline().globalParameters.SQLServerName",
										"type": "Expression"
									},
									"LS_SQLDBName": {
										"value": "@pipeline().globalParameters.SQLDBName",
										"type": "Expression"
									},
									"LS_SQLUserName": {
										"value": "@pipeline().globalParameters.SQLUserName",
										"type": "Expression"
									},
									"LS_SQLUserSecretName": {
										"value": "@pipeline().globalParameters.SQLUserSecretName",
										"type": "Expression"
									}
								}
							}
						},
						{
							"name": "Log Processing LandingToRaw- Failed_excel",
							"type": "SqlServerStoredProcedure",
							"dependsOn": [
								{
									"activity": "CopyLandingToRaw_Excel",
									"dependencyConditions": [
										"Failed"
									]
								}
							],
							"policy": {
								"timeout": "7.00:00:00",
								"retry": 0,
								"retryIntervalInSeconds": 30,
								"secureOutput": false,
								"secureInput": false
							},
							"userProperties": [],
							"typeProperties": {
								"storedProcedureName": "[cp_data].[update_load_status]",
								"storedProcedureParameters": {
									"Batch_id": {
										"value": {
											"value": "@pipeline().parameters.RunID",
											"type": "Expression"
										},
										"type": "String"
									},
									"Databytes_read": {
										"value": "0",
										"type": "Double"
									},
									"Load_end_date": {
										"value": {
											"value": "@formatDateTime(utcnow(),'yyyy-MM-dd HH:mm:ss')",
											"type": "Expression"
										},
										"type": "DateTime"
									},
									"Load_status": {
										"value": "Failed",
										"type": "String"
									},
									"Load_status_id": {
										"value": {
											"value": "@item().load_status_id",
											"type": "Expression"
										},
										"type": "Int32"
									},
									"Modified_by": {
										"value": "ADF",
										"type": "String"
									},
									"Modified_date": {
										"value": {
											"value": "@pipeline().TriggerTime",
											"type": "Expression"
										},
										"type": "DateTime"
									},
									"Project_id": {
										"value": {
											"value": "@item().project_id",
											"type": "Expression"
										},
										"type": "Int32"
									},
									"Source_Dataset": {
										"value": {
											"value": "@item().source_dataset",
											"type": "Expression"
										},
										"type": "String"
									},
									"Source_layer_id": {
										"value": "2",
										"type": "Int32"
									},
									"Source_record_count": {
										"value": "0",
										"type": "Int32"
									},
									"Status_description": {
										"value": {
											"value": "@string(activity('CopyLandingToRaw_Excel').output.errors)",
											"type": "Expression"
										},
										"type": "String"
									},
									"Target_Dataset": {
										"value": {
											"value": "@replace(item().source_dataset, 'xlsx', 'parquet')",
											"type": "Expression"
										},
										"type": "String"
									},
									"Target_layer_id": {
										"value": "3",
										"type": "Int32"
									},
									"Target_record_count": {
										"value": "0",
										"type": "Int32"
									},
									"Source_id": {
										"value": {
											"value": "@item().source_id",
											"type": "Expression"
										},
										"type": "Int32"
									}
								}
							},
							"linkedServiceName": {
								"referenceName": "LS_SQLDB_CPData",
								"type": "LinkedServiceReference",
								"parameters": {
									"LS_SQLServerName": {
										"value": "@pipeline().globalParameters.SQLServerName",
										"type": "Expression"
									},
									"LS_SQLDBName": {
										"value": "@pipeline().globalParameters.SQLDBName",
										"type": "Expression"
									},
									"LS_SQLUserName": {
										"value": "@pipeline().globalParameters.SQLUserName",
										"type": "Expression"
									},
									"LS_SQLUserSecretName": {
										"value": "@pipeline().globalParameters.SQLUserSecretName",
										"type": "Expression"
									}
								}
							}
						},
						{
							"name": "Insert Log Processing - RAW to unharm_excel",
							"type": "SqlServerStoredProcedure",
							"dependsOn": [
								{
									"activity": "Log Processing LandingToRaw- Success_excel",
									"dependencyConditions": [
										"Succeeded"
									]
								}
							],
							"policy": {
								"timeout": "7.00:00:00",
								"retry": 0,
								"retryIntervalInSeconds": 30,
								"secureOutput": false,
								"secureInput": false
							},
							"userProperties": [],
							"typeProperties": {
								"storedProcedureName": "[cp_data].[insert_load_status]",
								"storedProcedureParameters": {
									"Batch_id": {
										"value": {
											"value": "@pipeline().parameters.RunID",
											"type": "Expression"
										},
										"type": "String"
									},
									"Created_by": {
										"value": "ADF",
										"type": "String"
									},
									"Created_date": {
										"value": {
											"value": "@pipeline().TriggerTime",
											"type": "Expression"
										},
										"type": "DateTime"
									},
									"Load_start_time": {
										"value": {
											"value": "@pipeline().TriggerTime",
											"type": "Expression"
										},
										"type": "DateTime"
									},
									"Load_status": {
										"value": "New",
										"type": "String"
									},
									"Project_id": {
										"value": {
											"value": "@item().project_id",
											"type": "Expression"
										},
										"type": "Int32"
									},
									"Source_Dataset": {
										"value": {
											"value": "@replace(item().source_dataset, 'xlsx', 'parquet')",
											"type": "Expression"
										},
										"type": "String"
									},
									"Source_layer_id": {
										"value": "3",
										"type": "Int32"
									},
									"Target_layer_id": {
										"value": "4",
										"type": "Int32"
									},
									"Dataset": {
										"value": {
											"value": "@item().dataset",
											"type": "Expression"
										},
										"type": "String"
									},
									"Source_id": {
										"value": {
											"value": "@item().source_id",
											"type": "Expression"
										},
										"type": "Int32"
									},
									"load_type": {
										"value": {
											"value": "@item().config_src_load_type",
											"type": "Expression"
										},
										"type": "String"
									}
								}
							},
							"linkedServiceName": {
								"referenceName": "LS_SQLDB_CPData",
								"type": "LinkedServiceReference",
								"parameters": {
									"LS_SQLServerName": {
										"value": "@pipeline().globalParameters.SQLServerName",
										"type": "Expression"
									},
									"LS_SQLDBName": {
										"value": "@pipeline().globalParameters.SQLDBName",
										"type": "Expression"
									},
									"LS_SQLUserName": {
										"value": "@pipeline().globalParameters.SQLUserName",
										"type": "Expression"
									},
									"LS_SQLUserSecretName": {
										"value": "@pipeline().globalParameters.SQLUserSecretName",
										"type": "Expression"
									}
								}
							}
						}
					]
				}
			}
		],
		"parameters": {
			"project_alias": {
				"type": "string"
			},
			"source_list": {
				"type": "string"
			},
			"dataset_list": {
				"type": "string"
			},
			"META_CREATED_DTTM": {
				"type": "string"
			},
			"RunID": {
				"type": "string"
			},
			"source_list_variant": {
				"type": "string"
			},
			"dataset_seq_no": {
				"type": "string"
			},
			"event_id": {
				"type": "string"
			}
		},
		"variables": {
			"seq_no": {
				"type": "Array"
			},
			"load_start_time": {
				"type": "String"
			}
		},
		"folder": {
			"name": "CP Data"
		},
		"annotations": []
	}
}