{
	"name": "PL_LandingToUnharm_Parameterized_Wrapper",
	"properties": {
		"description": "PL_Wrapper_LandingToUnharm_Parameterized",
		"activities": [
			{
				"name": "PL_Wrapper",
				"type": "ExecutePipeline",
				"dependsOn": [],
				"policy": {
					"secureInput": false
				},
				"userProperties": [],
				"typeProperties": {
					"pipeline": {
						"referenceName": "PL_LandingToUnharm_Parameterized_CPData",
						"type": "PipelineReference"
					},
					"waitOnCompletion": true,
					"parameters": {
						"project_alias": {
							"value": "@pipeline().parameters.project_alias",
							"type": "Expression"
						},
						"source_list": {
							"value": "@pipeline().parameters.source_list",
							"type": "Expression"
						},
						"dataset_list": {
							"value": "@pipeline().parameters.dataset_list",
							"type": "Expression"
						},
						"meta_created_dttm": {
							"value": "@pipeline().parameters.meta_created_dttm",
							"type": "Expression"
						},
						"DB_Workspace": {
							"value": "@pipeline().globalParameters.DB_Workspace",
							"type": "Expression"
						},
						"DB_SecretName": {
							"value": "@pipeline().globalParameters.DB_SecretName",
							"type": "Expression"
						},
						"DB_ClusterID": {
							"value": "@pipeline().globalParameters.DB_ClusterID",
							"type": "Expression"
						},
						"SQLServerName": {
							"value": "@pipeline().globalParameters.SQLServerName",
							"type": "Expression"
						},
						"SQLDBName": {
							"value": "@pipeline().globalParameters.SQLDBName",
							"type": "Expression"
						},
						"SQLUserName": {
							"value": "@pipeline().globalParameters.SQLUserName",
							"type": "Expression"
						},
						"SQLUserSecretName": {
							"value": "@pipeline().globalParameters.SQLUserSecretName",
							"type": "Expression"
						},
						"RunID": {
							"value": "@pipeline().parameters.RunID",
							"type": "Expression"
						},
						"SQLDwActivationFlag": {
							"value": "@pipeline().parameters.SQLDwActivationFlag",
							"type": "Expression"
						},
						"source_list_variant": {
							"value": "@pipeline().parameters.source_list_variant",
							"type": "Expression"
						},
						"event_id": {
							"value": "@pipeline().parameters.event_id",
							"type": "Expression"
						}
					}
				}
			},
			{
				"name": "Send Notification Failure",
				"type": "WebActivity",
				"dependsOn": [
					{
						"activity": "PL_Wrapper",
						"dependencyConditions": [
							"Failed"
						]
					},
					{
						"activity": "LogicApp_KV_URL",
						"dependencyConditions": [
							"Succeeded"
						]
					}
				],
				"policy": {
					"timeout": "7.00:00:00",
					"retry": 0,
					"retryIntervalInSeconds": 30,
					"secureOutput": false,
					"secureInput": false
				},
				"userProperties": [],
				"typeProperties": {
					"method": "POST",
					"headers": {
						"Content-Type": "application/json"
					},
					"url": {
						"value": "@activity('LogicApp_KV_URL').output.value",
						"type": "Expression"
					},
					"body": {
						"value": "{\n\"RunId\":\"@{pipeline().parameters.RunID}\",\n\"DataFactoryName\":\"@{pipeline().DataFactory}\",\n\"PipelineName\":\"@{pipeline().Pipeline}\",\n\"PipelineTriggerName\":\"@{pipeline().TriggerName}\",\n\"SourceName\": \"@{pipeline().parameters.source_list}\",\n\"PiplelineStatus\": \"Failed\",\n\"ADF Instance\": \"Transformation\",\n\"Datasets\":\"@{pipeline().parameters.dataset_list}\",\n\"Source_list_variant\": \"@{pipeline().parameters.source_list_variant}\"\n}",
						"type": "Expression"
					}
				}
			},
			{
				"name": "Send Notification Success",
				"type": "WebActivity",
				"dependsOn": [
					{
						"activity": "PL_Wrapper",
						"dependencyConditions": [
							"Succeeded"
						]
					},
					{
						"activity": "LogicApp_KV_URL",
						"dependencyConditions": [
							"Succeeded"
						]
					}
				],
				"policy": {
					"timeout": "7.00:00:00",
					"retry": 0,
					"retryIntervalInSeconds": 30,
					"secureOutput": false,
					"secureInput": false
				},
				"userProperties": [],
				"typeProperties": {
					"method": "POST",
					"headers": {
						"Content-Type": "application/json"
					},
					"url": {
						"value": "@activity('LogicApp_KV_URL').output.value",
						"type": "Expression"
					},
					"body": {
						"value": "{\n\n\"RunId\":\"@{pipeline().parameters.RunID}\",\n\"DataFactoryName\":\"@{pipeline().DataFactory}\",\n\"PipelineName\":\"@{pipeline().Pipeline}\",\n\"PipelineTriggerName\":\"@{pipeline().TriggerName}\",\n\"SourceName\": \"@{pipeline().parameters.source_list}\",\n\"PiplelineStatus\": \"Success\",\n\"ADF Instance\": \"Transformation\",\n\"Datasets\":\"@{pipeline().parameters.dataset_list}\",\n\"Source_list_variant\": \"@{pipeline().parameters.source_list_variant}\"\n}",
						"type": "Expression"
					}
				}
			},
			{
				"name": "LogicApp_KV_URL",
				"type": "WebActivity",
				"dependsOn": [],
				"policy": {
					"timeout": "0.12:00:00",
					"retry": 0,
					"retryIntervalInSeconds": 30,
					"secureOutput": true,
					"secureInput": true
				},
				"userProperties": [],
				"typeProperties": {
					"method": "GET",
					"url": {
						"value": "@pipeline().globalParameters.LogicAppKVURL",
						"type": "Expression"
					},
					"authentication": {
						"type": "MSI",
						"resource": "https://vault.azure.net"
					}
				}
			},
			{
				"name": "Fail",
				"type": "Fail",
				"dependsOn": [
					{
						"activity": "Send Notification Failure",
						"dependencyConditions": [
							"Completed"
						]
					}
				],
				"userProperties": [],
				"typeProperties": {
					"message": "The error messages are logged in the Database.  Please check the logs in the Database or in the ADF Portal",
					"errorCode": "0000"
				}
			}
		],
		"parameters": {
			"project_alias": {
				"type": "string"
			},
			"source_list": {
				"type": "string"
			},
			"dataset_list": {
				"type": "string"
			},
			"meta_created_dttm": {
				"type": "string"
			},
			"DB_Workspace": {
				"type": "string"
			},
			"DB_SecretName": {
				"type": "string"
			},
			"DB_ClusterID": {
				"type": "string"
			},
			"SQLServerName": {
				"type": "string"
			},
			"SQLDBName": {
				"type": "string"
			},
			"SQLUserName": {
				"type": "string"
			},
			"SQLUserSecretName": {
				"type": "string"
			},
			"RunID": {
				"type": "string"
			},
			"SQLDwActivationFlag": {
				"type": "string"
			},
			"Environment": {
				"type": "string"
			},
			"source_list_variant": {
				"type": "string"
			},
			"event_id": {
				"type": "string"
			}
		},
		"folder": {
			"name": "Wrapper_Pipeline_Notification"
		},
		"annotations": [],
		"lastPublishTime": "2023-03-21T12:40:16Z"
	},
	"type": "Microsoft.DataFactory/factories/pipelines"
}