{
	"name": "Pl_Operation_Backup_Unharm_Datasets_Main",
	"properties": {
		"activities": [
			{
				"name": "Lookup_get_datasets",
				"type": "Lookup",
				"dependsOn": [],
				"policy": {
					"timeout": "0.12:00:00",
					"retry": 0,
					"retryIntervalInSeconds": 30,
					"secureOutput": false,
					"secureInput": false
				},
				"userProperties": [],
				"typeProperties": {
					"source": {
						"type": "AzureSqlSource",
						"sqlReaderStoredProcedureName": "cp_data.sp_get_dataset_master_details",
						"storedProcedureParameters": {
							"dataset_list": {
								"type": "String",
								"value": {
									"value": "@pipeline().parameters.datasetList",
									"type": "Expression"
								}
							},
							"source_alias_list": {
								"type": "String",
								"value": {
									"value": "@pipeline().parameters.sourceAliasList",
									"type": "Expression"
								}
							}
						},
						"queryTimeout": "02:00:00",
						"partitionOption": "None"
					},
					"dataset": {
						"referenceName": "DS_AzureSQL_CPData",
						"type": "DatasetReference",
						"parameters": {
							"SQLServerName": {
								"value": "@pipeline().globalParameters.SQLServerName",
								"type": "Expression"
							},
							"SQLDBName": {
								"value": "@pipeline().globalParameters.SQLDBName",
								"type": "Expression"
							},
							"SQLUserName": {
								"value": "@pipeline().globalParameters.SQLUserName",
								"type": "Expression"
							},
							"SQLUserSecretName": {
								"value": "@pipeline().globalParameters.SQLUserSecretName",
								"type": "Expression"
							}
						}
					},
					"firstRowOnly": false
				}
			},
			{
				"name": "ForEach1",
				"type": "ForEach",
				"dependsOn": [
					{
						"activity": "Lookup_get_datasets",
						"dependencyConditions": [
							"Succeeded"
						]
					}
				],
				"userProperties": [],
				"typeProperties": {
					"items": {
						"value": "@activity('Lookup_get_datasets').output.value",
						"type": "Expression"
					},
					"isSequential": false,
					"activities": [
						{
							"name": "Execute Pipeline1",
							"type": "ExecutePipeline",
							"dependsOn": [],
							"policy": {
								"secureInput": false
							},
							"userProperties": [],
							"typeProperties": {
								"pipeline": {
									"referenceName": "Pl_Operation_Backup_Unharm_Single_Dataset",
									"type": "PipelineReference"
								},
								"waitOnCompletion": true,
								"parameters": {
									"item": {
										"value": "@item()",
										"type": "Expression"
									},
									"pipeline_run_id": {
										"value": "@pipeline().RunId",
										"type": "Expression"
									}
								}
							}
						}
					]
				}
			}
		],
		"parameters": {
			"sourceAliasList": {
				"type": "string",
				"defaultValue": "cds_metadata_db_cds"
			},
			"datasetList": {
				"type": "string",
				"defaultValue": "source_emp_table"
			}
		},
		"folder": {
			"name": "Operational_Pipelines"
		},
		"annotations": [],
		"lastPublishTime": "2024-04-23T10:03:37Z"
	},
	"type": "Microsoft.DataFactory/factories/pipelines"
}