{
	"name": "Pl_Operation_Backup_Unharm_Single_Dataset",
	"properties": {
		"activities": [
			{
				"name": "ADBIngestionVerifier",
				"type": "DatabricksNotebook",
				"dependsOn": [
					{
						"activity": "Stored procedure1_copy1",
						"dependencyConditions": [
							"Succeeded"
						]
					}
				],
				"policy": {
					"timeout": "0.12:00:00",
					"retry": 0,
					"retryIntervalInSeconds": 30,
					"secureOutput": false,
					"secureInput": false
				},
				"userProperties": [],
				"typeProperties": {
					"notebookPath": "/Workspace/Shared/CP_Data/Operation/clone_delta_file",
					"baseParameters": {
						"from_delta_path": {
							"value": "@pipeline().parameters.item.unharm_full_path",
							"type": "Expression"
						},
						"to_delta_path": {
							"value": "@pipeline().parameters.item.backup_unharm_common_folder",
							"type": "Expression"
						},
						"load_type": {
							"value": "@pipeline().parameters.item.config_src_load_type",
							"type": "Expression"
						}
					}
				},
				"linkedServiceName": {
					"referenceName": "LS_Databricks_JobCluster_Parameterized",
					"type": "LinkedServiceReference",
					"parameters": {
						"DB_Workspace": {
							"value": "@pipeline().globalParameters.DB_Workspace",
							"type": "Expression"
						},
						"DB_Spark_Version": {
							"value": "@pipeline().parameters.item.spark_version",
							"type": "Expression"
						},
						"DB_Worker_Node_type": {
							"value": "@pipeline().parameters.item.worker_node_type",
							"type": "Expression"
						},
						"DB_Worker_Autoscale": {
							"value": "@pipeline().parameters.item.worker_autoscale",
							"type": "Expression"
						},
						"DB_SERVER": {
							"value": "@pipeline().globalParameters.SQLServerName",
							"type": "Expression"
						},
						"DB_DATABASE": {
							"value": "@pipeline().globalParameters.SQLDBName",
							"type": "Expression"
						},
						"DB_USER": {
							"value": "@pipeline().globalParameters.SQLUserName_ADB",
							"type": "Expression"
						},
						"SCOPE_NAME": {
							"value": "@pipeline().globalParameters.KVScopeName",
							"type": "Expression"
						},
						"ADLS_KEY": {
							"value": "@pipeline().globalParameters.ADLS_KVSecretName",
							"type": "Expression"
						},
						"ADLS_CLIENT_ID": {
							"value": "@pipeline().globalParameters.ADLS_SPN_ClientID",
							"type": "Expression"
						},
						"DB_SecretName": {
							"value": "@pipeline().globalParameters.DB_SecretName",
							"type": "Expression"
						},
						"Source_Name": {
							"value": "@pipeline().parameters.item.source_name",
							"type": "Expression"
						},
						"Source_Type": {
							"value": "@pipeline().parameters.item.source_type",
							"type": "Expression"
						},
						"Source_Onprem_Cloud": {
							"value": "@pipeline().parameters.item.source_onprem_cloud",
							"type": "Expression"
						},
						"Source_Name_Variant": {
							"value": "@pipeline().parameters.item.source_name_variant",
							"type": "Expression"
						},
						"Config_Src_Load_Type": {
							"value": "@pipeline().parameters.item.config_src_load_type",
							"type": "Expression"
						},
						"Dataset": {
							"value": "@pipeline().parameters.item.dataset",
							"type": "Expression"
						},
						"Cluster_Type": {
							"value": "@pipeline().parameters.item.cluster_type",
							"type": "Expression"
						},
						"DB_Driver_Node_type": {
							"value": "@pipeline().parameters.item.driver_node_type",
							"type": "Expression"
						}
					}
				}
			},
			{
				"name": "Stored procedure1_copy1",
				"type": "SqlServerStoredProcedure",
				"dependsOn": [],
				"policy": {
					"timeout": "0.12:00:00",
					"retry": 0,
					"retryIntervalInSeconds": 30,
					"secureOutput": false,
					"secureInput": false
				},
				"userProperties": [],
				"typeProperties": {
					"storedProcedureName": "[cp_data].[sp_insert_backup_log]",
					"storedProcedureParameters": {
						"source_id": {
							"value": {
								"value": "@pipeline().parameters.item.source_id",
								"type": "Expression"
							},
							"type": "Int16"
						},
						"source_alias": {
							"value": {
								"value": "@pipeline().parameters.item.source_alias",
								"type": "Expression"
							},
							"type": "String"
						},
						"dataset": {
							"value": {
								"value": "@pipeline().parameters.item.dataset",
								"type": "Expression"
							},
							"type": "String"
						},
						"cloned_from_path": {
							"value": {
								"value": "@pipeline().parameters.item.unharm_full_path",
								"type": "Expression"
							},
							"type": "String"
						},
						"cloned_to_path": {
							"value": {
								"value": "@pipeline().parameters.item.backup_unharm_common_folder",
								"type": "Expression"
							},
							"type": "String"
						},
						"pipeline_run_id": {
							"value": {
								"value": "@pipeline().parameters.pipeline_run_id",
								"type": "Expression"
							},
							"type": "String"
						}
					}
				},
				"linkedServiceName": {
					"referenceName": "LS_SQLDB_CPData",
					"type": "LinkedServiceReference",
					"parameters": {
						"LS_SQLServerName": {
							"value": "@pipeline().globalParameters.SQLServerName",
							"type": "Expression"
						},
						"LS_SQLDBName": {
							"value": "@pipeline().globalParameters.SQLDBName",
							"type": "Expression"
						},
						"LS_SQLUserName": {
							"value": "@pipeline().globalParameters.SQLUserName",
							"type": "Expression"
						},
						"LS_SQLUserSecretName": {
							"value": "@pipeline().globalParameters.SQLUserSecretName",
							"type": "Expression"
						}
					}
				}
			},
			{
				"name": "Stored procedure1_copy1_copy1",
				"type": "SqlServerStoredProcedure",
				"dependsOn": [
					{
						"activity": "ADBIngestionVerifier",
						"dependencyConditions": [
							"Succeeded"
						]
					}
				],
				"policy": {
					"timeout": "0.12:00:00",
					"retry": 0,
					"retryIntervalInSeconds": 30,
					"secureOutput": false,
					"secureInput": false
				},
				"userProperties": [],
				"typeProperties": {
					"storedProcedureName": "cp_data.update_backup_log",
					"storedProcedureParameters": {
						"backup_status": {
							"value": "success",
							"type": "String"
						},
						"databricksUrl": {
							"value": {
								"value": "@activity('ADBIngestionVerifier').output.runPageUrl",
								"type": "Expression"
							},
							"type": "String"
						},
						"dataset": {
							"value": {
								"value": "@pipeline().parameters.item.dataset",
								"type": "Expression"
							},
							"type": "String"
						},
						"end_date": {
							"value": {
								"value": "@utcnow()",
								"type": "Expression"
							},
							"type": "DateTime"
						},
						"from_count": {
							"value": "0",
							"type": "Int32"
						},
						"source_id": {
							"value": {
								"value": "@pipeline().parameters.item.source_id",
								"type": "Expression"
							},
							"type": "Int32"
						},
						"timeTakenInSec": {
							"value": {
								"value": "@activity('ADBIngestionVerifier').output.executionDuration",
								"type": "Expression"
							},
							"type": "Int32"
						},
						"to_count": {
							"value": {
								"value": "@activity('ADBIngestionVerifier').output.runOutput",
								"type": "Expression"
							},
							"type": "Int32"
						},
						"pipeline_run_id": {
							"value": {
								"value": "@pipeline().parameters.pipeline_run_id",
								"type": "Expression"
							},
							"type": "String"
						},
						"last_watermark_value": {
							"value": {
								"value": "@pipeline().parameters.item.last_watermark_value",
								"type": "Expression"
							},
							"type": "String"
						}
					}
				},
				"linkedServiceName": {
					"referenceName": "LS_SQLDB_CPData",
					"type": "LinkedServiceReference",
					"parameters": {
						"LS_SQLServerName": {
							"value": "@pipeline().globalParameters.SQLServerName",
							"type": "Expression"
						},
						"LS_SQLDBName": {
							"value": "@pipeline().globalParameters.SQLDBName",
							"type": "Expression"
						},
						"LS_SQLUserName": {
							"value": "@pipeline().globalParameters.SQLUserName",
							"type": "Expression"
						},
						"LS_SQLUserSecretName": {
							"value": "@pipeline().globalParameters.SQLUserSecretName",
							"type": "Expression"
						}
					}
				}
			},
			{
				"name": "Fail1",
				"type": "Fail",
				"dependsOn": [
					{
						"activity": "ADBIngestionVerifier",
						"dependencyConditions": [
							"Failed"
						]
					}
				],
				"userProperties": [],
				"typeProperties": {
					"message": "Backup Failed",
					"errorCode": "1"
				}
			}
		],
		"parameters": {
			"item": {
				"type": "object"
			},
			"pipeline_run_id": {
				"type": "string"
			}
		},
		"variables": {
			"from_full_path": {
				"type": "String"
			},
			"to_full_path": {
				"type": "String"
			}
		},
		"folder": {
			"name": "Operational_Pipelines"
		},
		"annotations": [],
		"lastPublishTime": "2024-04-25T14:13:35Z"
	},
	"type": "Microsoft.DataFactory/factories/pipelines"
}