{
	"name": "PL_Taf_V1_V2_Comparator_Main",
	"properties": {
		"activities": [
			{
				"name": "Lookup_get_datasets",
				"type": "Lookup",
				"dependsOn": [
					{
						"activity": "Lookup_get_taf_config",
						"dependencyConditions": [
							"Succeeded"
						]
					}
				],
				"policy": {
					"timeout": "0.12:00:00",
					"retry": 0,
					"retryIntervalInSeconds": 30,
					"secureOutput": false,
					"secureInput": false
				},
				"userProperties": [],
				"typeProperties": {
					"source": {
						"type": "AzureSqlSource",
						"sqlReaderStoredProcedureName": "taf.sp_get_datasets_feature_enable",
						"storedProcedureParameters": {
							"datasetList": {
								"type": "String",
								"value": {
									"value": "@pipeline().parameters.datasetList",
									"type": "Expression"
								}
							},
							"feature_name": {
								"type": "String",
								"value": "feature_v1_v2_comparator"
							},
							"source_alias": {
								"type": "String",
								"value": {
									"value": "@pipeline().parameters.source_alias",
									"type": "Expression"
								}
							}
						},
						"queryTimeout": "02:00:00",
						"partitionOption": "None"
					},
					"dataset": {
						"referenceName": "DS_AzureSQL_CPData",
						"type": "DatasetReference",
						"parameters": {
							"SQLServerName": {
								"value": "@pipeline().globalParameters.SQLServerName",
								"type": "Expression"
							},
							"SQLDBName": {
								"value": "@pipeline().globalParameters.SQLDBName",
								"type": "Expression"
							},
							"SQLUserName": {
								"value": "@pipeline().globalParameters.SQLUserName",
								"type": "Expression"
							},
							"SQLUserSecretName": {
								"value": "@pipeline().globalParameters.SQLUserSecretName",
								"type": "Expression"
							}
						}
					},
					"firstRowOnly": false
				}
			},
			{
				"name": "ForEach1",
				"type": "ForEach",
				"dependsOn": [
					{
						"activity": "Lookup_get_datasets",
						"dependencyConditions": [
							"Succeeded"
						]
					}
				],
				"userProperties": [],
				"typeProperties": {
					"items": {
						"value": "@activity('Lookup_get_datasets').output.value",
						"type": "Expression"
					},
					"isSequential": false,
					"activities": [
						{
							"name": "Execute Pipeline1",
							"type": "ExecutePipeline",
							"dependsOn": [],
							"policy": {
								"secureInput": false
							},
							"userProperties": [],
							"typeProperties": {
								"pipeline": {
									"referenceName": "PL_Taf_V1_V2_Clone_Run_Compare_Dataset",
									"type": "PipelineReference"
								},
								"waitOnCompletion": true,
								"parameters": {
									"item": {
										"value": "@item()",
										"type": "Expression"
									},
									"pipeline_run_id": {
										"value": "@pipeline().RunId",
										"type": "Expression"
									},
									"clone_paraent_path": {
										"value": "@activity('Lookup_get_taf_config').output.firstRow.v2_clone_parent_path",
										"type": "Expression"
									},
									"override_clone": {
										"value": "@pipeline().parameters.override_clone",
										"type": "Expression"
									},
									"override_comparison": {
										"value": "@pipeline().parameters.overwrite_comparison",
										"type": "Expression"
									}
								}
							}
						}
					]
				}
			},
			{
				"name": "TafNotifier",
				"type": "ExecutePipeline",
				"dependsOn": [
					{
						"activity": "ForEach1",
						"dependencyConditions": [
							"Succeeded"
						]
					}
				],
				"policy": {
					"secureInput": false
				},
				"userProperties": [],
				"typeProperties": {
					"pipeline": {
						"referenceName": "PL_Taf_Generic_Notifier",
						"type": "PipelineReference"
					},
					"waitOnCompletion": true,
					"parameters": {
						"header": "''",
						"sql_query": "select  pipeline_run_id, verifier_name, start_date, end_Date, time_taken, applied_on , check_result, check_result_details diff_count  from taf.taf_log_detail",
						"status_list": "failed",
						"verifier_name": "TafV1V2ComparatorVerifier",
						"pipeline_run_id": {
							"value": "@pipeline().RunId",
							"type": "Expression"
						},
						"logic_app_url": {
							"value": "activity('Lookup_get_taf_config').output.firstRow.logic_app_url_email",
							"type": "Expression"
						}
					}
				}
			},
			{
				"name": "Lookup_get_taf_config",
				"type": "Lookup",
				"dependsOn": [
					{
						"activity": "Lookup_get_email",
						"dependencyConditions": [
							"Succeeded"
						]
					}
				],
				"policy": {
					"timeout": "0.12:00:00",
					"retry": 0,
					"retryIntervalInSeconds": 30,
					"secureOutput": false,
					"secureInput": false
				},
				"userProperties": [],
				"typeProperties": {
					"source": {
						"type": "AzureSqlSource",
						"sqlReaderStoredProcedureName": "taf.get_taf_config",
						"queryTimeout": "02:00:00",
						"partitionOption": "None"
					},
					"dataset": {
						"referenceName": "DS_AzureSQL_CPData",
						"type": "DatasetReference",
						"parameters": {
							"SQLServerName": {
								"value": "@pipeline().globalParameters.SQLServerName",
								"type": "Expression"
							},
							"SQLDBName": {
								"value": "@pipeline().globalParameters.SQLDBName",
								"type": "Expression"
							},
							"SQLUserName": {
								"value": "@pipeline().globalParameters.SQLUserName",
								"type": "Expression"
							},
							"SQLUserSecretName": {
								"value": "@pipeline().globalParameters.SQLUserSecretName",
								"type": "Expression"
							}
						}
					},
					"firstRowOnly": true
				}
			},
			{
				"name": "Web1",
				"type": "WebActivity",
				"dependsOn": [
					{
						"activity": "ForEach1",
						"dependencyConditions": [
							"Failed"
						]
					}
				],
				"policy": {
					"timeout": "0.12:00:00",
					"retry": 0,
					"retryIntervalInSeconds": 30,
					"secureOutput": false,
					"secureInput": false
				},
				"userProperties": [],
				"typeProperties": {
					"method": "POST",
					"url": {
						"value": "@pipeline().globalParameters.logic_app_send_email_url",
						"type": "Expression"
					},
					"body": {
						"value": "@activity('Lookup_get_email').output.firstRow.email_json",
						"type": "Expression"
					}
				}
			},
			{
				"name": "Lookup_get_email",
				"type": "Lookup",
				"dependsOn": [],
				"policy": {
					"timeout": "0.12:00:00",
					"retry": 0,
					"retryIntervalInSeconds": 30,
					"secureOutput": false,
					"secureInput": false
				},
				"userProperties": [],
				"typeProperties": {
					"source": {
						"type": "AzureSqlSource",
						"sqlReaderStoredProcedureName": "[taf].[get_email_content_for_v1v2comparator]",
						"storedProcedureParameters": {
							"run_id": {
								"type": "String",
								"value": {
									"value": "@pipeline().RunId",
									"type": "Expression"
								}
							},
							"source_alias": {
								"type": "String",
								"value": {
									"value": "@pipeline().parameters.source_alias",
									"type": "Expression"
								}
							},
							"trigger_name": {
								"type": "String",
								"value": {
									"value": "@pipeline().TriggerName",
									"type": "Expression"
								}
							}
						},
						"queryTimeout": "02:00:00",
						"partitionOption": "None"
					},
					"dataset": {
						"referenceName": "DS_AzureSQL_CPData",
						"type": "DatasetReference",
						"parameters": {
							"SQLServerName": {
								"value": "@pipeline().globalParameters.SQLServerName",
								"type": "Expression"
							},
							"SQLDBName": {
								"value": "@pipeline().globalParameters.SQLDBName",
								"type": "Expression"
							},
							"SQLUserName": {
								"value": "@pipeline().globalParameters.SQLUserName",
								"type": "Expression"
							},
							"SQLUserSecretName": {
								"value": "@pipeline().globalParameters.SQLUserSecretName",
								"type": "Expression"
							}
						}
					},
					"firstRowOnly": true
				}
			}
		],
		"parameters": {
			"source_alias": {
				"type": "string",
				"defaultValue": "cds_metadata_db_cds"
			},
			"datasetList": {
				"type": "string",
				"defaultValue": "source_emp_table"
			},
			"override_clone": {
				"type": "string",
				"defaultValue": "false"
			},
			"overwrite_comparison": {
				"type": "string",
				"defaultValue": "false"
			}
		},
		"folder": {
			"name": "Testing_Framework/V1_V2_Comparator"
		},
		"annotations": []
	}
}