{
	"name": "PL_Taf_Generic_Notifier",
	"properties": {
		"activities": [
			{
				"name": "Lookup_get_verifier_results",
				"type": "Lookup",
				"dependsOn": [],
				"policy": {
					"timeout": "0.12:00:00",
					"retry": 0,
					"retryIntervalInSeconds": 30,
					"secureOutput": false,
					"secureInput": false
				},
				"userProperties": [],
				"typeProperties": {
					"source": {
						"type": "AzureSqlSource",
						"sqlReaderStoredProcedureName": "taf.get_verifier_results_in_html",
						"storedProcedureParameters": {
							"header": {
								"type": "String",
								"value": {
									"value": "@pipeline().parameters.header",
									"type": "Expression"
								}
							},
							"pipeline_run_id": {
								"type": "String",
								"value": {
									"value": "@pipeline().parameters.pipeline_run_id",
									"type": "Expression"
								}
							},
							"sql_query": {
								"type": "String",
								"value": {
									"value": "@pipeline().parameters.sql_query",
									"type": "Expression"
								}
							},
							"status_list": {
								"type": "String",
								"value": {
									"value": "@pipeline().parameters.status_list",
									"type": "Expression"
								}
							},
							"verifier_name": {
								"type": "String",
								"value": {
									"value": "@pipeline().parameters.verifier_name",
									"type": "Expression"
								}
							}
						},
						"queryTimeout": "02:00:00",
						"partitionOption": "None"
					},
					"dataset": {
						"referenceName": "DS_AzureSQL_CPData",
						"type": "DatasetReference",
						"parameters": {
							"SQLServerName": {
								"value": "@pipeline().globalParameters.SQLServerName",
								"type": "Expression"
							},
							"SQLDBName": {
								"value": "@pipeline().globalParameters.SQLDBName",
								"type": "Expression"
							},
							"SQLUserName": {
								"value": "@pipeline().globalParameters.SQLUserName",
								"type": "Expression"
							},
							"SQLUserSecretName": {
								"value": "@pipeline().globalParameters.SQLUserSecretName",
								"type": "Expression"
							}
						}
					},
					"firstRowOnly": false
				}
			},
			{
				"name": "If Condition1",
				"type": "IfCondition",
				"dependsOn": [
					{
						"activity": "Lookup_get_verifier_results",
						"dependencyConditions": [
							"Succeeded"
						]
					}
				],
				"userProperties": [],
				"typeProperties": {
					"expression": {
						"value": "@greater(activity('Lookup_get_verifier_results').output.value[0].cnt,0 )",
						"type": "Expression"
					},
					"ifTrueActivities": [
						{
							"name": "Web2",
							"type": "WebActivity",
							"dependsOn": [],
							"policy": {
								"timeout": "0.12:00:00",
								"retry": 0,
								"retryIntervalInSeconds": 30,
								"secureOutput": false,
								"secureInput": false
							},
							"userProperties": [],
							"typeProperties": {
								"method": "POST",
								"headers": {
									"Content-Type": "application/json"
								},
								"url": {
									"value": "@pipeline().parameters.logic_app_url",
									"type": "Expression"
								},
								"body": {
									"value": "@activity('Lookup_get_verifier_results').output.value[0].email_json",
									"type": "Expression"
								}
							}
						}
					]
				}
			}
		],
		"parameters": {
			"header": {
				"type": "string",
				"defaultValue": "''"
			},
			"sql_query": {
				"type": "string",
				"defaultValue": "select  pipeline_run_id, verifier_name, start_date, end_Date, time_taken, applied_on , check_result  from taf.taf_log_detail"
			},
			"status_list": {
				"type": "string",
				"defaultValue": "Failed"
			},
			"verifier_name": {
				"type": "string",
				"defaultValue": "IngestionRealBasedVerifier"
			},
			"pipeline_run_id": {
				"type": "string"
			},
			"logic_app_url": {
				"type": "string"
			}
		},
		"folder": {
			"name": "Testing_Framework/TafNotifier"
		},
		"annotations": []
	}
}