{
	"name": "PL_Taf_V1_V2_Clone_Run_Compare_Dataset",
	"properties": {
		"activities": [
			{
				"name": "Lookup_get_path_from_metric_log",
				"type": "Lookup",
				"dependsOn": [],
				"policy": {
					"timeout": "0.12:00:00",
					"retry": 0,
					"retryIntervalInSeconds": 30,
					"secureOutput": false,
					"secureInput": false
				},
				"userProperties": [],
				"typeProperties": {
					"source": {
						"type": "AzureSqlSource",
						"sqlReaderStoredProcedureName": "[taf].[get_paths_from_metric_log]",
						"storedProcedureParameters": {
							"dataset": {
								"type": "String",
								"value": {
									"value": "@pipeline().parameters.item.dataset",
									"type": "Expression"
								}
							},
							"source_alias": {
								"type": "String",
								"value": {
									"value": "@pipeline().parameters.item.source_alias",
									"type": "Expression"
								}
							}
						},
						"queryTimeout": "02:00:00",
						"partitionOption": "None"
					},
					"dataset": {
						"referenceName": "DS_AzureSQL_CPData",
						"type": "DatasetReference",
						"parameters": {
							"SQLServerName": {
								"value": "@pipeline().globalParameters.SQLServerName",
								"type": "Expression"
							},
							"SQLDBName": {
								"value": "@pipeline().globalParameters.SQLDBName",
								"type": "Expression"
							},
							"SQLUserName": {
								"value": "@pipeline().globalParameters.SQLUserName",
								"type": "Expression"
							},
							"SQLUserSecretName": {
								"value": "@pipeline().globalParameters.SQLUserSecretName",
								"type": "Expression"
							}
						}
					},
					"firstRowOnly": true
				}
			},
			{
				"name": "Lookup_get_load_status",
				"type": "Lookup",
				"dependsOn": [
					{
						"activity": "If Condition2",
						"dependencyConditions": [
							"Succeeded"
						]
					}
				],
				"policy": {
					"timeout": "0.12:00:00",
					"retry": 0,
					"retryIntervalInSeconds": 30,
					"secureOutput": false,
					"secureInput": false
				},
				"userProperties": [],
				"typeProperties": {
					"source": {
						"type": "AzureSqlSource",
						"sqlReaderStoredProcedureName": "taf.get_all_unprocessed_raw_files",
						"storedProcedureParameters": {
							"dataset": {
								"type": "String",
								"value": {
									"value": "@pipeline().parameters.item.dataset",
									"type": "Expression"
								}
							},
							"source_id": {
								"type": "Int32",
								"value": {
									"value": "@pipeline().parameters.item.source_id",
									"type": "Expression"
								}
							}
						},
						"queryTimeout": "02:00:00",
						"partitionOption": "None"
					},
					"dataset": {
						"referenceName": "DS_AzureSQL_CPData",
						"type": "DatasetReference",
						"parameters": {
							"SQLServerName": {
								"value": "@pipeline().globalParameters.SQLServerName",
								"type": "Expression"
							},
							"SQLDBName": {
								"value": "@pipeline().globalParameters.SQLDBName",
								"type": "Expression"
							},
							"SQLUserName": {
								"value": "@pipeline().globalParameters.SQLUserName",
								"type": "Expression"
							},
							"SQLUserSecretName": {
								"value": "@pipeline().globalParameters.SQLUserSecretName",
								"type": "Expression"
							}
						}
					},
					"firstRowOnly": false
				}
			},
			{
				"name": "ForEach1RunV2",
				"type": "ForEach",
				"dependsOn": [
					{
						"activity": "Lookup_get_load_status",
						"dependencyConditions": [
							"Succeeded"
						]
					}
				],
				"userProperties": [],
				"typeProperties": {
					"items": {
						"value": "@activity('Lookup_get_load_status').output.value",
						"type": "Expression"
					},
					"isSequential": true,
					"activities": [
						{
							"name": "Execute Pipeline1",
							"type": "ExecutePipeline",
							"dependsOn": [],
							"policy": {
								"secureInput": false
							},
							"userProperties": [],
							"typeProperties": {
								"pipeline": {
									"referenceName": "PL_Taf_V2_Executer",
									"type": "PipelineReference"
								},
								"waitOnCompletion": true,
								"parameters": {
									"item": {
										"value": "@item()",
										"type": "Expression"
									},
									"pipeline_run_id": {
										"value": "@pipeline().parameters.pipeline_run_id",
										"type": "Expression"
									},
									"cloned_delta_path": {
										"value": "@variables('cloned_delta_path')",
										"type": "Expression"
									},
									"datasetConfigItem": {
										"value": "@pipeline().parameters.item",
										"type": "Expression"
									}
								}
							}
						}
					]
				}
			},
			{
				"name": "Lookup_get_v2_success_run_from_log",
				"type": "Lookup",
				"dependsOn": [
					{
						"activity": "ForEach1RunV2",
						"dependencyConditions": [
							"Succeeded"
						]
					}
				],
				"policy": {
					"timeout": "0.12:00:00",
					"retry": 0,
					"retryIntervalInSeconds": 30,
					"secureOutput": false,
					"secureInput": false
				},
				"userProperties": [],
				"typeProperties": {
					"source": {
						"type": "AzureSqlSource",
						"sqlReaderStoredProcedureName": "taf.get_v2_success_run_from_log",
						"storedProcedureParameters": {
							"dataset": {
								"type": "String",
								"value": {
									"value": "@pipeline().parameters.item.dataset",
									"type": "Expression"
								}
							},
							"pipeline_run_id": {
								"type": "String",
								"value": {
									"value": "@pipeline().parameters.pipeline_run_id",
									"type": "Expression"
								}
							},
							"source_id": {
								"type": "Int32",
								"value": {
									"value": "@pipeline().parameters.item.source_id",
									"type": "Expression"
								}
							}
						},
						"queryTimeout": "02:00:00",
						"partitionOption": "None"
					},
					"dataset": {
						"referenceName": "DS_AzureSQL_CPData",
						"type": "DatasetReference",
						"parameters": {
							"SQLServerName": {
								"value": "@pipeline().globalParameters.SQLServerName",
								"type": "Expression"
							},
							"SQLDBName": {
								"value": "@pipeline().globalParameters.SQLDBName",
								"type": "Expression"
							},
							"SQLUserName": {
								"value": "@pipeline().globalParameters.SQLUserName",
								"type": "Expression"
							},
							"SQLUserSecretName": {
								"value": "@pipeline().globalParameters.SQLUserSecretName",
								"type": "Expression"
							}
						}
					},
					"firstRowOnly": true
				}
			},
			{
				"name": "IfV2SuccessRunThenCompare",
				"type": "IfCondition",
				"dependsOn": [
					{
						"activity": "Lookup_get_v2run_success_count",
						"dependencyConditions": [
							"Succeeded"
						]
					}
				],
				"userProperties": [],
				"typeProperties": {
					"expression": {
						"value": "@or(greater(activity('Lookup_get_v2run_success_count').output.firstRow.cnt,0),equals(pipeline().parameters.override_comparison,'true'))",
						"type": "Expression"
					},
					"ifTrueActivities": [
						{
							"name": "Databricks_v1_v2_comparator",
							"type": "DatabricksNotebook",
							"dependsOn": [],
							"policy": {
								"timeout": "7.00:00:00",
								"retry": 0,
								"retryIntervalInSeconds": 30,
								"secureOutput": false,
								"secureInput": false
							},
							"userProperties": [],
							"typeProperties": {
								"notebookPath": "/Shared/CP_Data/Test_framework/V1_V2_COMPARATOR/V1V2UnharmFileComparator",
								"baseParameters": {
									"delta_file_path": {
										"value": "@activity('Lookup_get_v2_success_run_from_log').output.firstRow.orig_delta_file_path",
										"type": "Expression"
									},
									"backup_delta_file_path": {
										"value": "@activity('Lookup_get_v2_success_run_from_log').output.firstRow.cloned_delta_file_path",
										"type": "Expression"
									},
									"delta_file_name": {
										"value": "@activity('Lookup_get_v2_success_run_from_log').output.firstRow.delta_file_name",
										"type": "Expression"
									},
									"backup_delta_file_name": {
										"value": "@activity('Lookup_get_v2_success_run_from_log').output.firstRow.delta_file_name",
										"type": "Expression"
									},
									"adls_mount_base": "/mnt/ADLS",
									"config_inc_column_name": {
										"value": "@string(activity('Lookup_get_v2_success_run_from_log').output.firstRow.config_inc_column_name)",
										"type": "Expression"
									},
									"config_primary_keys": {
										"value": "@string(activity('Lookup_get_v2_success_run_from_log').output.firstRow.config_primary_keys)",
										"type": "Expression"
									},
									"config_src_load_type": {
										"value": "@string(activity('Lookup_get_v2_success_run_from_log').output.firstRow.config_src_load_type)",
										"type": "Expression"
									},
									"dataset": {
										"value": "@pipeline().parameters.item.dataset",
										"type": "Expression"
									}
								}
							},
							"linkedServiceName": {
								"referenceName": "LS_Databricks_JobCluster_Parameterized",
								"type": "LinkedServiceReference",
								"parameters": {
									"DB_Workspace": {
										"value": "@pipeline().globalParameters.DB_Workspace",
										"type": "Expression"
									},
									"DB_Spark_Version": {
										"value": "@pipeline().parameters.item.spark_version",
										"type": "Expression"
									},
									"DB_Worker_Node_type": {
										"value": "@pipeline().parameters.item.worker_node_type",
										"type": "Expression"
									},
									"DB_Worker_Autoscale": {
										"value": "@pipeline().parameters.item.worker_autoscale",
										"type": "Expression"
									},
									"DB_SERVER": {
										"value": "@pipeline().globalParameters.SQLServerName",
										"type": "Expression"
									},
									"DB_DATABASE": {
										"value": "@pipeline().globalParameters.SQLDBName",
										"type": "Expression"
									},
									"DB_USER": {
										"value": "@pipeline().globalParameters.SQLUserName_ADB",
										"type": "Expression"
									},
									"SCOPE_NAME": {
										"value": "@pipeline().globalParameters.KVScopeName",
										"type": "Expression"
									},
									"ADLS_KEY": {
										"value": "@pipeline().globalParameters.ADLS_KVSecretName",
										"type": "Expression"
									},
									"ADLS_CLIENT_ID": {
										"value": "@pipeline().globalParameters.ADLS_SPN_ClientID",
										"type": "Expression"
									},
									"DB_SecretName": {
										"value": "@pipeline().globalParameters.DB_SecretName",
										"type": "Expression"
									},
									"Source_Name": {
										"value": "@pipeline().parameters.item.source_name",
										"type": "Expression"
									},
									"Source_Type": {
										"value": "@pipeline().parameters.item.source_type",
										"type": "Expression"
									},
									"Source_Onprem_Cloud": {
										"value": "@pipeline().parameters.item.source_onprem_cloud",
										"type": "Expression"
									},
									"Source_Name_Variant": {
										"value": "@pipeline().parameters.item.source_name_variant",
										"type": "Expression"
									},
									"Config_Src_Load_Type": {
										"value": "@pipeline().parameters.item.config_src_load_type",
										"type": "Expression"
									},
									"Dataset": {
										"value": "@pipeline().parameters.item.dataset",
										"type": "Expression"
									},
									"Cluster_Type": {
										"value": "@pipeline().parameters.item.cluster_type",
										"type": "Expression"
									},
									"DB_Driver_Node_type": {
										"value": "@pipeline().parameters.item.driver_node_type",
										"type": "Expression"
									}
								}
							}
						},
						{
							"name": "update_log",
							"type": "SqlServerStoredProcedure",
							"dependsOn": [
								{
									"activity": "Databricks_v1_v2_comparator",
									"dependencyConditions": [
										"Succeeded"
									]
								}
							],
							"policy": {
								"timeout": "0.12:00:00",
								"retry": 0,
								"retryIntervalInSeconds": 30,
								"secureOutput": false,
								"secureInput": false
							},
							"userProperties": [],
							"typeProperties": {
								"storedProcedureName": "[taf].[sp_update_taf_log_detail_json]",
								"storedProcedureParameters": {
									"databricksReturnJson": {
										"value": {
											"value": "@string(activity('Databricks_v1_v2_comparator').output.runOutput.DatabricksReturnJson)",
											"type": "Expression"
										},
										"type": "String"
									},
									"pipeline_run_id": {
										"value": {
											"value": "@pipeline().parameters.pipeline_run_id",
											"type": "Expression"
										},
										"type": "String"
									},
									"source_alias": {
										"value": {
											"value": "@pipeline().parameters.item.source_alias",
											"type": "Expression"
										},
										"type": "String"
									},
									"source_id": {
										"value": {
											"value": "@pipeline().parameters.item.source_id",
											"type": "Expression"
										},
										"type": "String"
									},
									"source_name": {
										"value": {
											"value": "@pipeline().parameters.item.source_name",
											"type": "Expression"
										},
										"type": "String"
									},
									"verifier_name": {
										"value": "TafV1V2Verifier",
										"type": "String"
									},
									"dataset_name_param": {
										"value": {
											"value": "@pipeline().parameters.item.dataset",
											"type": "Expression"
										},
										"type": "String"
									},
									"execution_failure": {
										"value": "F",
										"type": "String"
									}
								}
							},
							"linkedServiceName": {
								"referenceName": "LS_SQLDB_CPData",
								"type": "LinkedServiceReference",
								"parameters": {
									"LS_SQLServerName": {
										"value": "@pipeline().globalParameters.SQLServerName",
										"type": "Expression"
									},
									"LS_SQLDBName": {
										"value": "@pipeline().globalParameters.SQLDBName",
										"type": "Expression"
									},
									"LS_SQLUserName": {
										"value": "@pipeline().globalParameters.SQLUserName",
										"type": "Expression"
									},
									"LS_SQLUserSecretName": {
										"value": "@pipeline().globalParameters.SQLUserSecretName",
										"type": "Expression"
									}
								}
							}
						},
						{
							"name": "update_log_copy1",
							"type": "SqlServerStoredProcedure",
							"dependsOn": [
								{
									"activity": "Databricks_v1_v2_comparator",
									"dependencyConditions": [
										"Failed"
									]
								}
							],
							"policy": {
								"timeout": "0.12:00:00",
								"retry": 0,
								"retryIntervalInSeconds": 30,
								"secureOutput": false,
								"secureInput": false
							},
							"userProperties": [],
							"typeProperties": {
								"storedProcedureName": "[taf].[sp_update_taf_log_detail_json]",
								"storedProcedureParameters": {
									"databricksReturnJson": {
										"value": "None",
										"type": "String"
									},
									"pipeline_run_id": {
										"value": {
											"value": "@pipeline().parameters.pipeline_run_id",
											"type": "Expression"
										},
										"type": "String"
									},
									"source_alias": {
										"value": {
											"value": "@pipeline().parameters.item.source_alias",
											"type": "Expression"
										},
										"type": "String"
									},
									"source_id": {
										"value": {
											"value": "@pipeline().parameters.item.source_id",
											"type": "Expression"
										},
										"type": "String"
									},
									"source_name": {
										"value": {
											"value": "@pipeline().parameters.item.source_name",
											"type": "Expression"
										},
										"type": "String"
									},
									"verifier_name": {
										"value": "TafV1V2Verifier",
										"type": "String"
									},
									"dataset_name_param": {
										"value": {
											"value": "@pipeline().parameters.item.dataset",
											"type": "Expression"
										},
										"type": "String"
									},
									"execution_failure": {
										"value": "T",
										"type": "String"
									}
								}
							},
							"linkedServiceName": {
								"referenceName": "LS_SQLDB_CPData",
								"type": "LinkedServiceReference",
								"parameters": {
									"LS_SQLServerName": {
										"value": "@pipeline().globalParameters.SQLServerName",
										"type": "Expression"
									},
									"LS_SQLDBName": {
										"value": "@pipeline().globalParameters.SQLDBName",
										"type": "Expression"
									},
									"LS_SQLUserName": {
										"value": "@pipeline().globalParameters.SQLUserName",
										"type": "Expression"
									},
									"LS_SQLUserSecretName": {
										"value": "@pipeline().globalParameters.SQLUserSecretName",
										"type": "Expression"
									}
								}
							}
						},
						{
							"name": "Fail2",
							"type": "Fail",
							"dependsOn": [
								{
									"activity": "update_log_copy1",
									"dependencyConditions": [
										"Succeeded"
									]
								}
							],
							"userProperties": [],
							"typeProperties": {
								"message": "comparator failed",
								"errorCode": "-3"
							}
						}
					]
				}
			},
			{
				"name": "Lookup_get_v2run_success_count",
				"type": "Lookup",
				"dependsOn": [
					{
						"activity": "Lookup_get_v2_success_run_from_log",
						"dependencyConditions": [
							"Succeeded"
						]
					}
				],
				"policy": {
					"timeout": "0.12:00:00",
					"retry": 0,
					"retryIntervalInSeconds": 30,
					"secureOutput": false,
					"secureInput": false
				},
				"userProperties": [],
				"typeProperties": {
					"source": {
						"type": "AzureSqlSource",
						"sqlReaderStoredProcedureName": "taf.get_v2_success_run_from_log_count",
						"storedProcedureParameters": {
							"dataset": {
								"type": "String",
								"value": {
									"value": "@pipeline().parameters.item.dataset",
									"type": "Expression"
								}
							},
							"pipeline_run_id": {
								"type": "String",
								"value": {
									"value": "@pipeline().parameters.pipeline_run_id",
									"type": "Expression"
								}
							},
							"source_id": {
								"type": "Int32",
								"value": {
									"value": "@pipeline().parameters.item.source_id",
									"type": "Expression"
								}
							}
						},
						"queryTimeout": "02:00:00",
						"partitionOption": "None"
					},
					"dataset": {
						"referenceName": "DS_AzureSQL_CPData",
						"type": "DatasetReference",
						"parameters": {
							"SQLServerName": {
								"value": "@pipeline().globalParameters.SQLServerName",
								"type": "Expression"
							},
							"SQLDBName": {
								"value": "@pipeline().globalParameters.SQLDBName",
								"type": "Expression"
							},
							"SQLUserName": {
								"value": "@pipeline().globalParameters.SQLUserName",
								"type": "Expression"
							},
							"SQLUserSecretName": {
								"value": "@pipeline().globalParameters.SQLUserSecretName",
								"type": "Expression"
							}
						}
					},
					"firstRowOnly": true
				}
			},
			{
				"name": "Set variable1",
				"type": "SetVariable",
				"dependsOn": [
					{
						"activity": "Lookup_get_path_from_metric_log",
						"dependencyConditions": [
							"Succeeded"
						]
					}
				],
				"policy": {
					"secureOutput": false,
					"secureInput": false
				},
				"userProperties": [],
				"typeProperties": {
					"variableName": "cloned_delta_path",
					"value": {
						"value": "@concat(pipeline().parameters.clone_paraent_path,'/',pipeline().parameters.item.source_alias,'/',pipeline().parameters.item.dataset,'/')",
						"type": "Expression"
					}
				}
			},
			{
				"name": "If Condition2",
				"type": "IfCondition",
				"dependsOn": [
					{
						"activity": "Get Metadata1",
						"dependencyConditions": [
							"Succeeded"
						]
					}
				],
				"userProperties": [],
				"typeProperties": {
					"expression": {
						"value": "@or(not(activity('Get Metadata1').output.exists),equals(pipeline().parameters.override_clone,'true'))",
						"type": "Expression"
					},
					"ifTrueActivities": [
						{
							"name": "Stored procedure1",
							"type": "SqlServerStoredProcedure",
							"dependsOn": [
								{
									"activity": "Databricks_clone",
									"dependencyConditions": [
										"Succeeded"
									]
								}
							],
							"policy": {
								"timeout": "0.12:00:00",
								"retry": 0,
								"retryIntervalInSeconds": 30,
								"secureOutput": false,
								"secureInput": false
							},
							"userProperties": [],
							"typeProperties": {
								"storedProcedureName": "taf.sp_insert_v1v2comparator_clone_log",
								"storedProcedureParameters": {
									"cloned_from_path": {
										"value": {
											"value": "@concat('/',activity('Lookup_get_path_from_metric_log').output.firstRow.delta_file_path)",
											"type": "Expression"
										},
										"type": "String"
									},
									"cloned_to_path": {
										"value": {
											"value": "@variables('cloned_delta_path')",
											"type": "Expression"
										},
										"type": "String"
									},
									"dataset": {
										"value": {
											"value": "@pipeline().parameters.item.dataset",
											"type": "Expression"
										},
										"type": "String"
									},
									"source_alias": {
										"value": {
											"value": "@pipeline().parameters.item.source_alias",
											"type": "Expression"
										},
										"type": "String"
									},
									"source_id": {
										"value": {
											"value": "@pipeline().parameters.item.source_id",
											"type": "Expression"
										},
										"type": "Int32"
									},
									"databricks_url": {
										"value": {
											"value": "@activity('Databricks_clone').output.runPageUrl",
											"type": "Expression"
										},
										"type": "String"
									},
									"time_taken": {
										"value": {
											"value": "@activity('Databricks_clone').output.executionDuration",
											"type": "Expression"
										},
										"type": "Int32"
									},
									"clone_status": {
										"value": "CLONE_SUCCESS",
										"type": "String"
									}
								}
							},
							"linkedServiceName": {
								"referenceName": "LS_SQLDB_CPData",
								"type": "LinkedServiceReference",
								"parameters": {
									"LS_SQLServerName": {
										"value": "@pipeline().globalParameters.SQLServerName",
										"type": "Expression"
									},
									"LS_SQLDBName": {
										"value": "@pipeline().globalParameters.SQLDBName",
										"type": "Expression"
									},
									"LS_SQLUserName": {
										"value": "@pipeline().globalParameters.SQLUserName",
										"type": "Expression"
									},
									"LS_SQLUserSecretName": {
										"value": "@pipeline().globalParameters.SQLUserSecretName",
										"type": "Expression"
									}
								}
							}
						},
						{
							"name": "Databricks_clone",
							"type": "DatabricksNotebook",
							"dependsOn": [],
							"policy": {
								"timeout": "7.00:00:00",
								"retry": 0,
								"retryIntervalInSeconds": 30,
								"secureOutput": false,
								"secureInput": false
							},
							"userProperties": [],
							"typeProperties": {
								"notebookPath": "/Shared/CP_Data/Test_framework/V1_V2_COMPARATOR/clone_delta_file",
								"baseParameters": {
									"from_delta_path": {
										"value": "@concat('/',activity('Lookup_get_path_from_metric_log').output.firstRow.delta_file_path,activity('Lookup_get_path_from_metric_log').output.firstRow.delta_file_name)",
										"type": "Expression"
									},
									"to_delta_path": {
										"value": "@concat(variables('cloned_delta_path'),activity('Lookup_get_path_from_metric_log').output.firstRow.delta_file_name)",
										"type": "Expression"
									}
								}
							},
							"linkedServiceName": {
								"referenceName": "LS_Databricks_JobCluster_Parameterized",
								"type": "LinkedServiceReference",
								"parameters": {
									"DB_Workspace": {
										"value": "@pipeline().globalParameters.DB_Workspace",
										"type": "Expression"
									},
									"DB_Spark_Version": {
										"value": "@pipeline().parameters.item.spark_version",
										"type": "Expression"
									},
									"DB_Worker_Node_type": {
										"value": "@pipeline().parameters.item.worker_node_type",
										"type": "Expression"
									},
									"DB_Worker_Autoscale": {
										"value": "@pipeline().parameters.item.worker_autoscale",
										"type": "Expression"
									},
									"DB_SERVER": {
										"value": "@pipeline().globalParameters.SQLServerName",
										"type": "Expression"
									},
									"DB_DATABASE": {
										"value": "@pipeline().globalParameters.SQLDBName",
										"type": "Expression"
									},
									"DB_USER": {
										"value": "@pipeline().globalParameters.SQLUserName_ADB",
										"type": "Expression"
									},
									"SCOPE_NAME": {
										"value": "@pipeline().globalParameters.KVScopeName",
										"type": "Expression"
									},
									"ADLS_KEY": {
										"value": "@pipeline().globalParameters.ADLS_KVSecretName",
										"type": "Expression"
									},
									"ADLS_CLIENT_ID": {
										"value": "@pipeline().globalParameters.ADLS_SPN_ClientID",
										"type": "Expression"
									},
									"DB_SecretName": {
										"value": "@pipeline().globalParameters.DB_SecretName",
										"type": "Expression"
									},
									"Source_Name": {
										"value": "@pipeline().parameters.item.source_name",
										"type": "Expression"
									},
									"Source_Type": {
										"value": "@pipeline().parameters.item.source_type",
										"type": "Expression"
									},
									"Source_Onprem_Cloud": {
										"value": "@pipeline().parameters.item.source_onprem_cloud",
										"type": "Expression"
									},
									"Source_Name_Variant": {
										"value": "@pipeline().parameters.item.source_name_variant",
										"type": "Expression"
									},
									"Config_Src_Load_Type": {
										"value": "@pipeline().parameters.item.config_src_load_type",
										"type": "Expression"
									},
									"Dataset": {
										"value": "@pipeline().parameters.item.dataset",
										"type": "Expression"
									},
									"Cluster_Type": {
										"value": "@pipeline().parameters.item.cluster_type",
										"type": "Expression"
									},
									"DB_Driver_Node_type": {
										"value": "@pipeline().parameters.item.driver_node_type",
										"type": "Expression"
									}
								}
							}
						},
						{
							"name": "Stored procedure1_copy1",
							"type": "SqlServerStoredProcedure",
							"dependsOn": [
								{
									"activity": "Databricks_clone",
									"dependencyConditions": [
										"Failed"
									]
								}
							],
							"policy": {
								"timeout": "0.12:00:00",
								"retry": 0,
								"retryIntervalInSeconds": 30,
								"secureOutput": false,
								"secureInput": false
							},
							"userProperties": [],
							"typeProperties": {
								"storedProcedureName": "taf.sp_insert_v1v2comparator_clone_log",
								"storedProcedureParameters": {
									"cloned_from_path": {
										"value": {
											"value": "@concat('/',activity('Lookup_get_path_from_metric_log').output.firstRow.delta_file_path)",
											"type": "Expression"
										},
										"type": "String"
									},
									"cloned_to_path": {
										"value": {
											"value": "@variables('cloned_delta_path')",
											"type": "Expression"
										},
										"type": "String"
									},
									"dataset": {
										"value": {
											"value": "@pipeline().parameters.item.dataset",
											"type": "Expression"
										},
										"type": "String"
									},
									"source_alias": {
										"value": {
											"value": "@pipeline().parameters.item.source_alias",
											"type": "Expression"
										},
										"type": "String"
									},
									"source_id": {
										"value": {
											"value": "@pipeline().parameters.item.source_id",
											"type": "Expression"
										},
										"type": "Int32"
									},
									"databricks_url": {
										"value": {
											"value": "@activity('Databricks_clone').output.runPageUrl",
											"type": "Expression"
										},
										"type": "String"
									},
									"time_taken": {
										"value": {
											"value": "@activity('Databricks_clone').output.executionDuration",
											"type": "Expression"
										},
										"type": "Int32"
									},
									"clone_status": {
										"value": "CLONE_FAILED",
										"type": "String"
									}
								}
							},
							"linkedServiceName": {
								"referenceName": "LS_SQLDB_CPData",
								"type": "LinkedServiceReference",
								"parameters": {
									"LS_SQLServerName": {
										"value": "@pipeline().globalParameters.SQLServerName",
										"type": "Expression"
									},
									"LS_SQLDBName": {
										"value": "@pipeline().globalParameters.SQLDBName",
										"type": "Expression"
									},
									"LS_SQLUserName": {
										"value": "@pipeline().globalParameters.SQLUserName",
										"type": "Expression"
									},
									"LS_SQLUserSecretName": {
										"value": "@pipeline().globalParameters.SQLUserSecretName",
										"type": "Expression"
									}
								}
							}
						},
						{
							"name": "Fail1",
							"type": "Fail",
							"dependsOn": [
								{
									"activity": "Stored procedure1_copy1",
									"dependencyConditions": [
										"Succeeded"
									]
								}
							],
							"userProperties": [],
							"typeProperties": {
								"message": "cloning failed",
								"errorCode": "-1"
							}
						}
					]
				}
			},
			{
				"name": "Get Metadata1",
				"type": "GetMetadata",
				"dependsOn": [
					{
						"activity": "Set variable1",
						"dependencyConditions": [
							"Succeeded"
						]
					}
				],
				"policy": {
					"timeout": "0.12:00:00",
					"retry": 0,
					"retryIntervalInSeconds": 30,
					"secureOutput": false,
					"secureInput": false
				},
				"userProperties": [],
				"typeProperties": {
					"dataset": {
						"referenceName": "DS_Binary_Parameterized",
						"type": "DatasetReference",
						"parameters": {
							"DS_ADLSStore": "https://shell01eunadls2lserrccrn.dfs.core.windows.net",
							"DS_ADLS_Path": {
								"value": "@variables('cloned_delta_path')",
								"type": "Expression"
							},
							"DS_ADLS_ObjectName": {
								"value": "@activity('Lookup_get_path_from_metric_log').output.firstRow.delta_file_name",
								"type": "Expression"
							},
							"DS_ADLS_ContainerName": {
								"value": "@pipeline().globalParameters.ADLS_ContainerName",
								"type": "Expression"
							}
						}
					},
					"fieldList": [
						"exists"
					],
					"storeSettings": {
						"type": "AzureBlobFSReadSettings",
						"recursive": true,
						"enablePartitionDiscovery": false
					},
					"formatSettings": {
						"type": "BinaryReadSettings"
					}
				}
			}
		],
		"parameters": {
			"item": {
				"type": "object"
			},
			"pipeline_run_id": {
				"type": "string"
			},
			"clone_paraent_path": {
				"type": "string"
			},
			"override_clone": {
				"type": "string"
			},
			"override_comparison": {
				"type": "string"
			}
		},
		"variables": {
			"cloned_delta_path": {
				"type": "String"
			}
		},
		"folder": {
			"name": "Testing_Framework/V1_V2_Comparator"
		},
		"annotations": []
	}
}