{
	"name": "PL_Taf_V2_Executer",
	"properties": {
		"activities": [
			{
				"name": "Databricks_v2_exec_raw_unharm",
				"type": "DatabricksNotebook",
				"dependsOn": [],
				"policy": {
					"timeout": "7.00:00:00",
					"retry": 0,
					"retryIntervalInSeconds": 30,
					"secureOutput": false,
					"secureInput": false
				},
				"userProperties": [],
				"typeProperties": {
					"notebookPath": "/Shared/CP_Data/Raw_to_EnrUnharm_V2/raw_to_unharm_controller",
					"baseParameters": {
						"delta_file_path": {
							"value": "@pipeline().parameters.cloned_delta_path",
							"type": "Expression"
						},
						"raw_file_path": {
							"value": "@pipeline().parameters.item.raw_file_path",
							"type": "Expression"
						},
						"raw_file_name": {
							"value": "@pipeline().parameters.item.raw_dataset",
							"type": "Expression"
						},
						"transaction_type": {
							"value": "@pipeline().parameters.item.config_data_hub",
							"type": "Expression"
						},
						"load_type": {
							"value": "@pipeline().parameters.item.config_src_load_type",
							"type": "Expression"
						},
						"scd_type": {
							"value": "@pipeline().parameters.item.config_scd_type",
							"type": "Expression"
						},
						"enable_databricks_delta": "Y",
						"meta_created_dttm": {
							"value": "@formatDateTime(utcnow(),'yyyy-MM-dd HH:mm:ss')",
							"type": "Expression"
						},
						"alds_enriched_unharmonised_file_format": "parquet",
						"project_id": {
							"value": "@string(pipeline().parameters.item.project_id)",
							"type": "Expression"
						},
						"source_id": {
							"value": "@string(pipeline().parameters.item.source_id)",
							"type": "Expression"
						},
						"dataset": {
							"value": "@pipeline().parameters.item.dataset",
							"type": "Expression"
						},
						"delta_file_name": {
							"value": "@pipeline().parameters.item.delta_file_name",
							"type": "Expression"
						},
						"dataset_datetime_format": "yyyy-MM-dd HH:mm:ss.SSSSSSS",
						"delta_key": {
							"value": "@coalesce(pipeline().parameters.item.config_inc_column_name,'')",
							"type": "Expression"
						},
						"primary_keys": {
							"value": "@coalesce(pipeline().parameters.item.config_primary_keys,'')",
							"type": "Expression"
						},
						"writeRawToUnharmSplitFlag": {
							"value": "@coalesce(pipeline().parameters.item.write_split_unharm_flag,'')",
							"type": "Expression"
						},
						"writeRawToUnharmSplitConfig": {
							"value": "@string(pipeline().parameters.item.write_split_unharm_config)",
							"type": "Expression"
						},
						"partition_by": {
							"value": "@{if(or(or(empty(trim(string(pipeline().parameters.item.partition_by))),\n       equals(pipeline().parameters.item.partition_by, 'null')),equals(pipeline().parameters.item.partition_by, coalesce(null,null,null))),   \n string(''),pipeline().parameters.item.partition_by)}",
							"type": "Expression"
						}
					}
				},
				"linkedServiceName": {
					"referenceName": "LS_Databricks_JobCluster_Parameterized",
					"type": "LinkedServiceReference",
					"parameters": {
						"DB_Workspace": {
							"value": "@pipeline().globalParameters.DB_Workspace",
							"type": "Expression"
						},
						"DB_Spark_Version": {
							"value": "@pipeline().parameters.datasetConfigItem.spark_version\r\n",
							"type": "Expression"
						},
						"DB_Worker_Node_type": {
							"value": "@pipeline().parameters.datasetConfigItem.worker_node_type",
							"type": "Expression"
						},
						"DB_Worker_Autoscale": {
							"value": "@pipeline().parameters.datasetConfigItem.worker_autoscale",
							"type": "Expression"
						},
						"DB_SERVER": {
							"value": "@pipeline().globalParameters.SQLServerName",
							"type": "Expression"
						},
						"DB_DATABASE": {
							"value": "@pipeline().globalParameters.SQLDBName",
							"type": "Expression"
						},
						"DB_USER": {
							"value": "@pipeline().globalParameters.SQLUserName_ADB",
							"type": "Expression"
						},
						"SCOPE_NAME": {
							"value": "@pipeline().globalParameters.KVScopeName",
							"type": "Expression"
						},
						"ADLS_KEY": {
							"value": "@pipeline().globalParameters.ADLS_KVSecretName",
							"type": "Expression"
						},
						"ADLS_CLIENT_ID": {
							"value": "@pipeline().globalParameters.ADLS_SPN_ClientID",
							"type": "Expression"
						},
						"DB_SecretName": {
							"value": "@pipeline().globalParameters.DB_SecretName",
							"type": "Expression"
						},
						"Source_Name": {
							"value": "@pipeline().parameters.datasetConfigItem.source_name",
							"type": "Expression"
						},
						"Source_Type": {
							"value": "@pipeline().parameters.datasetConfigItem.source_type",
							"type": "Expression"
						},
						"Source_Onprem_Cloud": {
							"value": "@pipeline().parameters.datasetConfigItem.source_onprem_cloud",
							"type": "Expression"
						},
						"Source_Name_Variant": {
							"value": "@pipeline().parameters.datasetConfigItem.source_name_variant",
							"type": "Expression"
						},
						"Config_Src_Load_Type": {
							"value": "@pipeline().parameters.datasetConfigItem.config_src_load_type",
							"type": "Expression"
						},
						"Dataset": {
							"value": "@pipeline().parameters.datasetConfigItem.dataset",
							"type": "Expression"
						},
						"Cluster_Type": {
							"value": "@pipeline().parameters.datasetConfigItem.cluster_type",
							"type": "Expression"
						},
						"DB_Driver_Node_type": {
							"value": "@pipeline().parameters.datasetConfigItem.driver_node_type",
							"type": "Expression"
						}
					}
				}
			},
			{
				"name": "v2_success_log",
				"type": "SqlServerStoredProcedure",
				"dependsOn": [
					{
						"activity": "Databricks_v2_exec_raw_unharm",
						"dependencyConditions": [
							"Succeeded"
						]
					}
				],
				"policy": {
					"timeout": "7.00:00:00",
					"retry": 0,
					"retryIntervalInSeconds": 30,
					"secureOutput": false,
					"secureInput": false
				},
				"userProperties": [],
				"typeProperties": {
					"storedProcedureName": "taf.insert_v1_v2_comparator_completion_log",
					"storedProcedureParameters": {
						"adb_execTime": {
							"value": {
								"value": "@activity('Databricks_v2_exec_raw_unharm').output.executionDuration",
								"type": "Expression"
							},
							"type": "Int32"
						},
						"adb_url": {
							"value": {
								"value": "@activity('Databricks_v2_exec_raw_unharm').output.runPageUrl",
								"type": "Expression"
							},
							"type": "String"
						},
						"dataset": {
							"value": {
								"value": "@pipeline().parameters.item.dataset",
								"type": "Expression"
							},
							"type": "String"
						},
						"end_datetime": {
							"value": {
								"value": "@formatDateTime(utcnow(),'yyyy-MM-dd HH:mm:ss')",
								"type": "Expression"
							},
							"type": "DateTime"
						},
						"load_status": {
							"value": "Success",
							"type": "String"
						},
						"process_message": {
							"value": "Pipeline Succeeded",
							"type": "String"
						},
						"raw_dataset": {
							"value": {
								"value": "@pipeline().parameters.item.raw_dataset",
								"type": "Expression"
							},
							"type": "String"
						},
						"read_count": {
							"value": {
								"value": "@activity('Databricks_v2_exec_raw_unharm').output.runOutput.ReadCount",
								"type": "Expression"
							},
							"type": "Int32"
						},
						"source_id": {
							"value": {
								"value": "@pipeline().parameters.item.source_id",
								"type": "Expression"
							},
							"type": "Int32"
						},
						"start_datetime": {
							"value": {
								"value": "@pipeline().TriggerTime",
								"type": "Expression"
							},
							"type": "DateTime"
						},
						"write_count": {
							"value": {
								"value": "@activity('Databricks_v2_exec_raw_unharm').output.runOutput.WriteCount",
								"type": "Expression"
							},
							"type": "Int32"
						},
						"pipeline_run_id": {
							"value": {
								"value": "@pipeline().parameters.pipeline_run_id",
								"type": "Expression"
							},
							"type": "String"
						},
						"orig_delta_file_path": {
							"value": {
								"value": "@concat('/',pipeline().parameters.item.delta_file_path)",
								"type": "Expression"
							},
							"type": "String"
						},
						"cloned_delta_file_path": {
							"value": {
								"value": "@pipeline().parameters.cloned_delta_path",
								"type": "Expression"
							},
							"type": "String"
						},
						"delta_file_name": {
							"value": {
								"value": "@pipeline().parameters.item.delta_file_name",
								"type": "Expression"
							},
							"type": "String"
						}
					}
				},
				"linkedServiceName": {
					"referenceName": "LS_SQLDB_CPData",
					"type": "LinkedServiceReference",
					"parameters": {
						"LS_SQLServerName": {
							"value": "@pipeline().globalParameters.SQLServerName",
							"type": "Expression"
						},
						"LS_SQLDBName": {
							"value": "@pipeline().globalParameters.SQLDBName",
							"type": "Expression"
						},
						"LS_SQLUserName": {
							"value": "@pipeline().globalParameters.SQLUserName",
							"type": "Expression"
						},
						"LS_SQLUserSecretName": {
							"value": "@pipeline().globalParameters.SQLUserSecretName",
							"type": "Expression"
						}
					}
				}
			},
			{
				"name": "v2_fail_log",
				"type": "SqlServerStoredProcedure",
				"dependsOn": [
					{
						"activity": "Databricks_v2_exec_raw_unharm",
						"dependencyConditions": [
							"Failed"
						]
					}
				],
				"policy": {
					"timeout": "7.00:00:00",
					"retry": 0,
					"retryIntervalInSeconds": 30,
					"secureOutput": false,
					"secureInput": false
				},
				"userProperties": [],
				"typeProperties": {
					"storedProcedureName": "taf.insert_v1_v2_comparator_completion_log",
					"storedProcedureParameters": {
						"adb_execTime": {
							"value": {
								"value": "@activity('Databricks_v2_exec_raw_unharm').output.executionDuration",
								"type": "Expression"
							},
							"type": "Int32"
						},
						"adb_url": {
							"value": {
								"value": "@activity('Databricks_v2_exec_raw_unharm').output.runPageUrl",
								"type": "Expression"
							},
							"type": "String"
						},
						"dataset": {
							"value": {
								"value": "@pipeline().parameters.item.dataset",
								"type": "Expression"
							},
							"type": "String"
						},
						"end_datetime": {
							"value": {
								"value": "@formatDateTime(utcnow(),'yyyy-MM-dd HH:mm:ss')",
								"type": "Expression"
							},
							"type": "DateTime"
						},
						"load_status": {
							"value": "Fail",
							"type": "String"
						},
						"process_message": {
							"value": "Pipeline Failed",
							"type": "String"
						},
						"raw_dataset": {
							"value": {
								"value": "@pipeline().parameters.item.raw_dataset",
								"type": "Expression"
							},
							"type": "String"
						},
						"read_count": {
							"value": "0",
							"type": "Int32"
						},
						"source_id": {
							"value": {
								"value": "@pipeline().parameters.item.source_id",
								"type": "Expression"
							},
							"type": "Int32"
						},
						"start_datetime": {
							"value": {
								"value": "@pipeline().TriggerTime",
								"type": "Expression"
							},
							"type": "DateTime"
						},
						"write_count": {
							"value": "0",
							"type": "Int32"
						},
						"pipeline_run_id": {
							"value": {
								"value": "@pipeline().parameters.pipeline_run_id",
								"type": "Expression"
							},
							"type": "String"
						}
					}
				},
				"linkedServiceName": {
					"referenceName": "LS_SQLDB_CPData",
					"type": "LinkedServiceReference",
					"parameters": {
						"LS_SQLServerName": {
							"value": "@pipeline().globalParameters.SQLServerName",
							"type": "Expression"
						},
						"LS_SQLDBName": {
							"value": "@pipeline().globalParameters.SQLDBName",
							"type": "Expression"
						},
						"LS_SQLUserName": {
							"value": "@pipeline().globalParameters.SQLUserName",
							"type": "Expression"
						},
						"LS_SQLUserSecretName": {
							"value": "@pipeline().globalParameters.SQLUserSecretName",
							"type": "Expression"
						}
					}
				}
			},
			{
				"name": "Fail1",
				"type": "Fail",
				"dependsOn": [
					{
						"activity": "v2_fail_log",
						"dependencyConditions": [
							"Succeeded"
						]
					}
				],
				"userProperties": [],
				"typeProperties": {
					"message": "v2 exec failed",
					"errorCode": "-2"
				}
			}
		],
		"parameters": {
			"item": {
				"type": "object"
			},
			"pipeline_run_id": {
				"type": "string"
			},
			"cloned_delta_path": {
				"type": "string"
			},
			"datasetConfigItem": {
				"type": "object"
			}
		},
		"folder": {
			"name": "Testing_Framework/V1_V2_Comparator"
		},
		"annotations": []
	}
}