{
  "$schema": "https://schema.management.azure.com/schemas/2015-01-01/deploymentParameters.json#",
  "contentVersion": "1.0.0.0",

  "DeployIR": [
    
  ],
  
  "Linkedservices": [
{"name":"LS_Common_Databricks.json"}
  ],

  "Datasets":[   
    ],

  "Pipelines": [
  {"name":"PL_Common_OnPremOracleToADLS.json"},
{"name":"PL_Common_GenericDBToADLS.json"},
{"name":"PL_Common_RawToDelta.json"},
{"name":"PL_Common_LandingToRaw.json"},
{"name":"PL_Common_GenericDatabricks.json"}
  ],

  "StopTriggers": [
 
   ],
  
  "DeployTriggers": [
    
    

  
   ],

   "StartTriggers": [  

{"name":"TR_Common_ETLB_Trigger_Every_Minute.json"}

  ],
    "DeleteTriggers": [  

  ]

 
}
